reviewId,content,score,true_label_binary,true_label_multi
2a69a379-ca68-4a4d-a97e-ee4c2d2c9bef,Certain artists weren't playable due to copyright issues in some regions which is understandable. I was happy to wait till it got resolved. The songs that were unavailable used to appear "greyed out" and weren't playable. Spotify now has removed all the "greyed out" songs from even being displayed. Is it so that people who aren't looking closely don't realise anything is missing? I've been a premium user but I'm moving to a different streaming service where every artist is available,1,0,0
c668b14a-5306-4cec-89ed-40109e1507ad,The app deleted all my downloaded songs!! Why am I paying for premium when it doesn't even function properly??,1,0,0
24a21260-bf22-46f9-8e28-284ba78e70eb,"I am gladly cancelling the subscription. The app gets worse and worse. Podcasts are what it looks like played, but you can't hear a thing. Bluetooth integration rarely works. The app is up to date, system is up to date and it's not like I am using an old phone. It's not a cool, efficient app anymore. Overall bad experience. -- I installed it after a year and again the app stops, disappears, doesn't play, all for no reasons at all. This time I am cancelling for good",1,0,0
b1891aef-84f6-443a-936c-1abce0680f64,i renewed my subscription by autopay within two days I got a message saying you are no longer a premium Subscriber,1,0,0
00caf683-4f3f-4415-b2e6-8523c72bf95c,"App is now running like absolute garbage, takes ages to open, freezes whenever you click on a playlist then takes 20-30 sec to load it. Still randomly deletes downloaded songs too so they have to be re downloaded whenever you next connect to wifi. For a subscription service that a lot of people pay for it's incredible that this app just gets progressively worse",1,0,0
053399b6-3103-4852-98f0-aecd4effe700,"They said you can ""Cancel ANYTIME"" about your subscription to them but when I cancelled mine, because they like to auto-debit your link account without refund what they steal from your bank account. They are always like that ""AUTO-DEBIT"" without consideration of refunds but they always says in their adds ""you can cancel ANYTIME"" (with a refund) lol but when I cancelled mine, Spotify was like, Nevermind! and their customer service are sucks, you can't ask and talk to a real human but AI or bots",1,0,0
66b40dc0-0bab-41ed-9a38-2fce1cb538d3,"I paid ₹99 for a 1-month Premium plan on March 18, but my subscription ended on April 2 — not even 15 days. The app clearly showed it as a 1-month plan, which is very misleading. This is disappointing from Spotify. Please make your pricing and validity more transparent.",1,0,0
61d7889f-1c65-4dc6-a171-1488bb4c9cba,"For the size of your company and the amount of revenue you generate your app is rubbish. No video on TV app. It constantly switches playing on different devices I'm not using randomly. I use Spotify on Phone, PC and Google nest, this is frustrating when out and trying to play music on my phone but it switches to my PC at home at random. It also bugs out freezing on displaying incorrect song information and needs a phone reset to rectify.",1,0,0
5d75c7c0-4b53-446a-9515-5ec4381fccb8,This app is getting bad you need to be premium just to tap the music you want and I only have 6 skips? every update the apps were getting worse little by little It should be okay if this app should be back like what it is like last year that I can play any song even if you don't pay the premium,1,0,0
854096dc-b12c-4941-be4c-d4617ff632f5,Spotify gop gop gop!! we found alternative and happy to leave this platform,1,0,0
d6657070-d742-40cd-a1d5-813a7228d38f,"They just took away my subscription without a refund because of regional differences, when Spotify is not even available in my country. Why would you care? I was giving you money, not? Silly me for even paying at the first place when I can just install the modded version. We live in a world that pirating has less consequences than using other regions, then billions dollars companies complain all the time lol.",1,0,0
b8d5b52f-1e79-4078-adf8-e17f09f8911f,somehow they are actively making this app worse by increasing the number of interruptions aggressively even for premium users. dont recommend this to anyone.,1,0,0
813a13e0-c971-41ab-934d-d3de18b70302,"I'm a premium user for quiet a long time now and now it's suddenly stop, like i have a good internet connection and my spotify says I'm offline?? what's up with that? please fix this",1,0,0
2041fb45-9104-44a9-85f1-cf79d4d3182a,"[Premium user] I don't know how this UI passed QA... It may look fancy, but it's a real pain to use right now. Please add the search bar to filter liked songs by default (like it was before the update), I don't want to click through 2 menus just to search for a single song!! Also when I click on an Artist it takes 3 seconds to load and then it just shows the Albums with locally downloaded songs... how can this take so long?! I really consider switching to another music streaming service now.",1,0,0
c1325402-11f9-4e39-960a-febe899ced8c,"I think Spotify is cool, I think the features are great, and all the new music and artists I've discovered through it are wonderful. Many can agree with me that Spotify premium is a really good musical tool yet not worth the $11 a month price tag it comes with. The shuffle system they use is repetitive and alot of the suggestions can be pretty bad.",1,0,0
d7651e8d-c9dc-44b2-bc74-60771573868d,"This app is not compatible with Google Home devices with multiple users and accounts. Completely useless to have a family plan that never actually works to listen to different content on different devices, while logged into different accounts. Also: I cancelled my account last month, and still was charged again. I guess I have to get PayPal to intervene to get my refund. It sure would be nice if there were actually a simple way to access customer support.",1,0,0
79a09060-38de-470d-b66a-8b318e88e67c,App is completely broken on android at the moment. Worked great before. Recently updated my phone to android 8.1.0. App crashes instantly after being open for 30 seconds. I have reinstalled several times and I have seen people with different phones having identical complaints on the website. Please fix this as I just recently paid for premium,1,0,0
6605762b-1c67-4447-b743-d6b14a9a775c,"It was my favourite music streaming app until the latest update.. I don't understand what's the point of using a music app without being able to play the songs you like. Removing the queue feature, like are you serious?? And, you can't play a part of a song, you can't play it twice? I hate Spotify now, I uninstalled it and switched to SoundCloud. I'm still sad for leaving Spotify because it has been a great app, but sorry, I am fed up with it now.",1,0,0
3554faad-e3e7-4437-9f9c-7beaf8068928,Sucks that I pay for a duo premium when this app rarely works for me. It always says it's offline even though everything else is working just fine. Then I go to my TV to play it on my fire stick and it almost never works there either. It bugs me that there is always some sort of issue with the app whenever I try to use it. And on top of it I just got an email today saying my subscription price is about to go up. I've literally only been with them a month and this is just such a lame experience.,1,0,0
818e18a5-4ec6-4883-96e1-f11f7be844ee,"I used to love this app, that is until it kept logging me out for no absolute reason, earlier this day I used it with no problem, I opened the app again same day in the evening, it just logged me out, I am certain that my login details are correct I even tried to restart my phone and still, I cannot log in, I ecen changed my password but it won't let me log in, I hope this gets fixed as I have a premium account but I cannot use it, I hope my money won't get wasted.",1,0,0
36665f0b-ec87-43b7-8f0c-c4bf6df4a116,"The app is continually stopping in the middle of songs and restarting, even when songs are downloaded using premiere. I'll probably go back to using the free option. Tried wiping cache and reinstalled...everything but buy a new phone 🙄 Also, galaxy buds can now only fast forward, so I can't go back a track. Just stop breaking the app😡",1,0,0
4ec28dfb-22be-42b8-8af1-78bb39c0f17d,"Great App, But the Price Hike Hit a Wall The value proposition has shifted. With Premium Lite now at 139 and Standard Premium at 199, the cost of entry is becoming hard to justify. For a service that doesn't offer high-fidelity (Hi-Fi) audio yet, these price increases feel steep compared to competitors who include spatial audio and lossless quality at similar or lower price points.I’ve officially stopped using the service. While I'll miss my curated playlists.",1,0,0
e952c5d4-f8da-485e-893a-1b984a1bf6b3,"Used to love Spotify and never had a problem until about 3-4 months ago. Now, I would give it less than 1 star if i could. Music stops randomly, or won't even start playing. I have Uninstalled and reinstalled app, still no improvements. Problems still happen even when I got a brand new phone (Samsung S20 note) If this isn't fixed quickly I'll be canceling my subscription.",1,0,0
b114aae5-a837-4965-a74a-d99fd07f9f3a,been paying for premium for a very long time. In a recent update they took away the ability to sort your liked songs by artist. I'm not going to scroll through all my songs just to find a specific artist. canceling subscription in favor of something else until this is fixed.,1,0,0
0ec17865-8442-42d6-aaa9-c2e76b52276d,"The music keeps randomly pausing on my Note9. This is a joke, I'm paying for a premium subscription. I'll be moving to Apple music if this isn't fixed soon. I have the latest OS updates and the latest version of the app, and it appears I'm not the only one. For a company that just specialises in music software you would think they would sort this out sooner",1,0,0
f378d405-cbe0-42ae-af58-f9e0301a1f50,Not as user friendly as I thought. I have thought with premium I play all the songs of my favourite artist in 1 playlist. But I still need to find some of there song to add on the queue which is very tiring. Considering I am paying to play all there songs. Anyways I do not recommend. I will be cancing soon as I have finish what I am paying for. Very disappointed. What a waste.,1,0,0
fc817224-b94b-46c7-b166-e7f8c56fb630,"It's my first review ever because this application deserves it. Since months and I don't know how many updates application stops playing (or maybe crashes, I'm not sure) with no reason. It happens every 10-20 minutes, sometimes more often. Many time when I open it, it says I have no internet connection even if I have and other applications works correctly. It's not acceptable in case of paid app (I have subscription but probably not for long).",1,0,0
fa675c89-be65-4e2e-91f9-af878ce0d549,I think it is horrible that you subscribe and they take your money and your data when downloading songs but as soon as you cancel the subscription the music you downloaded cannot be played any more. Complete rip off. I should have just downloaded the songs onto my phone from a cheaper site now I have to download all the songs that were saved all from over and waste more money.,1,0,0
ffac93bb-a69e-4f26-847e-ac670d097917,"The recent update is the MOST DISSAPOINTING AND WORST UPDATE AN APP COULD EVER PRESENT TO ITS USER... LIKE SERIOUSLY SPOTIFY!!? Have you become so poor that y'all don't even think about your users anymore & are running behind money in the name of 'PREMIUM'? Cannot add songs in queue, cannot shuffle my songs, cannot replay the song, cannot play a particular part of the song, cannot play the previous song, and can't even play the songs in my own playlist!! SHAME, SPOTIFY SHAME. DIDN'T EXPECT THIS.",1,0,0
f436a97d-3d85-4ff6-b9a3-07476fbfab19,"I have been a premium user for almost as long as spotify has charged its customers. I download all my songs and playlists so I can access them in areas I have poor service or no wifi. This morning I accessed offline mode, went back online, and Spotify had undownloaded every single one of my 100+ playlists & 4424 songs. I have been a spotify user long enough to know I did NOT hit the ""remove downloads"" button instead of clearing the cache. I have to spend hours redownloading. Unacceptable.0 stars",1,0,0
f1c5e9f2-8e11-4761-a7b0-30460e3eda52,"Spotify stopped suggesting songs. If I look something up, the app only plays the song I looked up and nothing else. I have to be looking for tracks individually. This started happening out of the blue. All my settings are correct, I have reinstalled the app, my internet connection is working, but nothing seems to fix the problem (that didn't exist before). If it continues like this, I'll be cancelling my subscription.",1,0,0
227861fe-180d-4b20-bfdd-d66b73437bbc,"This app works when it feels like it. I pay for premium just for it to not load normal searches on WiFi or be picky when I'm out of service and want to hear downloaded tracks. I love the idea of Spotify, but it sucks paying for something that works a quarter of the time well.",1,0,0
49ad7b64-fa9b-4608-a0df-ff42a7c78537,"I had taken Spotify premium, payment was also done but my membership was not activated. My first experience with Spot ify was so bad, from my personal experience I do not recommend this app.",1,0,0
543484fc-e5fb-49ad-b20c-92b6ea7ec9b2,"The music I want to play doesn't even play first now because the company wants me to buy their premium plan. Best app to listen to more ads than music. Don't tell me to check out the subscription options/plans, I already get those as ads too. I would give this app zero stars, if possible.",1,0,0
be54987f-c14b-4f89-ae76-e1cb240c4e0d,"You suck Spotify Premium, Price is 119 although all other platforms are cheaper. I cancelled my premium and moved to apple music, they provide better service tbh, Dolby Atmos is also there and Quality of Sound is also far better. Price is just 99. I will never be here again unless you keep the price less than 90 bcz that's what it should be. Overpriced stuff never sells in India, it's just that people don't use that much Apple products so they don't know much about these things. Good-bye 😂👍🏻",1,0,0
4f63cfce-e878-450c-ad19-e29d7e2e495d,"Bad app don't install, always preferring paid plan . After 6 songs of scrolling we can't change song needs premium, also can't play song which we want. Don't install plz . Waste of time",1,0,0
67fd5c6a-aaab-49ae-8f1b-5e28f8546743,"Spotify adverts during my podcasts, I pay premium, when asked Spotify replies it's normal, I listened to the podcast on other free platforms, none putting adverts. also app often stays black when starting, I've got to force it stop to restart. customer service also didn't answer questions about AI songs...",1,0,0
dfbfd096-5b2c-4d0b-96ce-dff0139a046f,"""you're out of audiobook listening time"" £9.99 for 10 hours listening time. I will admit that I didn't read the fine print when Spotify told me audiobooks were now included. As an audible subscriber I thought ""that's excellent from Spotify"". Turns out it very much isn't. Not impressed at all. Oh and you can't easily navigate to the previous chapters by seeking back in time. Each chapter is treated as a standalone track with individual progress rather that a contiguous listen.",1,0,0
260e9569-7aa7-4c28-a422-7d09b41be90a,"It confuses me why I should have to continue paying for this app and have the ability to download music only to later be unable to access the music I've paid for the provelege to download. Any time I'm in an area without service, it throws up an error, saying a problem occurred. I'm not going to keep paying for this app if it's going to waste space by downloading music I then can't listen to because the app doesn't work the way it's supposed to. Canceling my subscription and uninstalling.",1,0,0
4c9727ac-50f2-44d6-b563-937fe186123f,"1 star because i hate it when the chat isn't working, especially when i'm chatting with my friends. like, why isn't it sending? it's more sucks when it's a long message, i won't be able to copy it too so i could just resend it. instead, i have to type a new message again. kinda funny because, i've been a premium user since last year, so what's with the error that i'm experiencing every time i'm talking with my friends?",1,0,0
d22fb1a7-bade-45ff-9d69-a556ef17f75f,The Application has a lot of technical issues. It often takes me 2-3 minutes to start playing music on a podcast. The Spotify also despite me paying for premium allows ads to play during podcast. It switches to a 30 second commercial at random times and later returns to a podcast. At this point you should look into some alternatives for music streaming.,1,0,0
f3de6b74-edd6-4cdc-aab9-1552cb25a3a0,"Never log out. I pay monthly premium for this app, I log out once, and now I can't get into my account. Not only that but spotify is of no help and neither is the clueless community. There are so many different music apps so pick any of them other than this heaping pile of stinking garbage. They will gladly take your money but they do NOT care about their customers.",1,0,0
caf5e1ec-acbe-429d-be37-ebd4ac2482ef,"Literally, I prefer to Uninstall the Spotify as it's new update is so terrible, Like seriously You can't change your music, Lyrics won't show up, Time Bar is also faking me and 1 song is equal to 2 ads. Just for telling us to purchase *PREMIUM*. Like I really like this app before a couple of years ago and I used to enjoy it. But the things. have gone out of the hands, I am so fed up with this. So It's very better to uninstall this app!",1,0,0
26d399c0-f0b6-468b-9f85-4441b26659dd,I had the App and even paid the Premium prescription. But after a few months of not using it I wanted to stop the Prescription and found no way of doing it on the App. There is no contact details available. I uninstall the App and still money is being deducted from my Bank Account. Without having the open to reverse it since it is a card purchase..😡😡,1,0,0
483e7823-3c59-40a6-a5e7-e437a6a5ca60,"I'm cancelling My subscription because the support team has zero drive in actually fixing anything. I've been trying to add ""audiobooks+ for plan members"" to my Duo account for 2 months now, and your tech support team has had it in their inbox for just as long and there's been no change or unprompted communication. Missy, Hannah, and the entire escalation team do not give a flying damn about anything that hits their desk. I gave an easy fix and it was ignored. The app worked great otherwise.",1,0,0
51655034-17dc-4837-a10f-c0fecd3703d5,"This garbage app that I am paying $15 a month for. I pay for a family plan with separate devices, yet that whole feature doesn't work. I pay extra for nothing. The playback is awful, spotify is so rough around the edges and it lags and glitches constantly. Easily the worst music player around. Won't let me change my subscription, deleting songs from your Playlist takes forever. I'm looking forward to Uninstaller and unsubscribing. Sort this app out please.",1,0,0
98d936e1-fd1d-475a-89ee-0e1517cb60d3,"This app is so glitchy and barely even works half the time. It keeps saying I don't have internet connection while I do, takes FOREVER to look up a song. A lot of the time, I have to force close the entire app and try again because it absolutely refuses to play music. And now they want to raise the price for premium to keep giving us benefits. Like the app hasn't changed since I started using it. How dare you charge people more for the exact same bull. I'm so done",1,0,0
686d64b3-654c-49e2-a1ef-30d9a0316ea9,The new update sucks. it has made finding my music in my library a nightmare. this app has gone to horrible things. the old app needs to come back. I cant find all music in liked songs and part of my library is not even download. 1 star until this is fixed. I came from apple music and wanted a better experience but i'm starting to think that was a bad switch. we need the old Interface back where i am in control of MY music.,1,0,0
eca29b28-bdb2-4c02-9a5c-c3181bc29dab,if you love paying for a premium service for no advertising and still having to listen to an advert every 10 mins or so then this is the app for you! longtime user of this advertising platform and have witnessed the decline over the years. now it seems the playlist function is broken and will constantly build radios that only play ai slop or baby's first synthesiser song. you'll get popups for artists you don't like. terrible used to be good massively overrated nowadays,1,0,0
a627209f-1e35-4464-b230-155f450eec94,I logged into the Android app for the first time in ages and it offered me 2 months of Premium for £0 and then immediately charged me £12.99 when I accepted. The app is now utter rubbish. I won't be using Premium beyond the 2 months of the "free" offer given the dishonesty and barely usable app.,1,0,0
09a87e2e-40e0-45d2-88d3-e64f9ca3fdab,When playing my playlist that I have made. After a few songs it neither freezes or just stops!!!! Very disappointed and frustrating. I have unstalled and reinstalled it a few times and still has the same problems!!! I pay the premium every month and paying for it to freeze and error all the time might not be worth it in the long run if it dosnt get sorted Spotify!!! Plz sort the errors out!!!,1,0,0
9b46d52b-8c46-4148-be86-3d4311bef0d4,It's having trouble connecting to the internet. It's been getting really laggy with new updates. On top of that they never answered my email for assistance with fixing the problems listed before. I love Spotify but if I'm paying for premium I expect better than this,1,0,0
e55cf2a7-977c-432a-8351-9cb3bdc5bd01,"This app is so useless. I paid for a subscription yet I can't listen to music in the background, why??? And I keep checking my settings for what went wrong, I can't find anything. This would be like the 7th time I am reinstalling it thinking it would correct itself but nooo, it keeps repeating the same thing. You guys should really rectify this, it's really not funny again. I have done that. It still stops after I connect a Bluetooth device to it",1,0,0
526e6321-40bd-4511-a268-91048e675a2f,will be cancelling my premium subscription. I like to play all my 7000+ songs on shuffle but now they have updated the ui I only have 2500 'liked' songs in my playlist and no easy way of now liking the 4500 other songs. Losing the all songs list has basically killed the usefulness of spotify! also now not working properly with my car audio! please for the love of god change it back to the old setup. why they have thought this version is better is beyond me!!,1,0,0
c3f2169c-87ae-42c7-9ad1-7394531e15b9,"This is objectively the worst way you can listen to music with, first you can't even close your own songs to play sometimes, no rewind feature, it's ALL on premium, paywall, paywall, paywall, paywall!!! This feels like Microsoft and Blockbuster had a baby and named it Spotify, If you want to listen to music ANY OTHER WAY. Go do it please just stay away from this app, it's harmful to regular listeners. also imagine when trying to add songs... oh wait its impossible becauseHAVING-ONEPLAYLISTISBAD!",1,0,0
482af6d7-b074-4f39-974f-0f086ef01eb3,"Not impressed with Spotify. the algorithm sucks, and I've been bombarded with 3 ads and premium subscriptions for each song. the interface is not bad but could use some BETTER improvements. overall it's just another cash grab music,podcast etc (sadly I can't rate this app lower)",1,0,0
74ec8082-ff01-455e-bdf6-b5cac29ac48f,Normally awesome... lately terrible. I'm not sure if it was an update or what. 1) It freezes ..2)has no idea where I left off in a podcast. 3)Shows completely different songs playing than what I'm actually listening to..4) randomly out of nowhere starts playing a song. I pay a family plan. Please resolve these issues.,1,0,0
d1ed345e-e020-40fc-b871-6c94126230f8,"Cancelled premium after 8years Unnecessary updates and features make the app so user unfriendly The worst thing EVERYONE HAS NOTICED is a weird algorithm when a song is played, the artist gets played more often, EVEN in RANDOM shuffle🤦‍♂️ Spotify still can't discern a song from podcast The song radio plays songs you already know It's just become a shareholder suck fest. Unskippable ads ruin immersioon EVEN on PREMIUM podcasts now. I hate it and will never again pay for premium.",1,0,0
12b2ab6b-6771-4793-b3c9-00068f877826,"its gone money hungry, it sucks now that you have to pay to hear more songs, plus the multiple ads get on my nerves, might have to switch to a pirated music app 😭😭 GIVE US MUSICAL FREEDOM, WE ALL CANT AFFORD PREMIUMMM",1,0,0
793240fb-6578-4887-8dee-86b8c05ea43b,Some time ago they were doing 30min listening to 1 add and it was "alright". Kind of. But now it feels not worth of using app at all. 10min of listening (if not less) -> 2 adds. Premium 9€ per month to listen free music (it was like 2€ if not mistaken some time ago). And it's still popular only because it auto downloaded in new computers and mobiles. Signs shows someone is falling and we'll have something else than Spotify to listen music soon.,1,0,0
e62b4148-0983-4164-bb02-5e92f1314e3b,"Not a good app. The moment you stop membership it removes all your downloaded music that you already had paid off. I had bought premium membership for 6 months and downloaded some fave music to listen offline, but as soon as i cancelled the premium membrrship, alk my downloaded music is ereased. This is nor fair at all. The app acts wiered often. Sometimes skip music, sometimes just shuts off itself. It needs lots of improvement. I will not recommend it at all. Deezer is way better than this",1,0,0
b912463b-45e7-4a5d-8e03-a97695fbecb4,"I'm usually a spotify promoter. But these past two days have been very frustrating using the app and I'm ready to cancel my subscription. Whether it's an android update or an app update, my spotify stops playing when my screen goes to sleep. The app already has permission to run in the background, unlimited data access, and can run both on data wifi. The problem persists and I'm not finding solutions, so I'm ready to leave. Currently very dissatisfied.",1,0,0
321afc17-fe16-451d-9be0-41c6096176d9,"I always play music on Spotify It has been 3 months now and Spotify wants to select music for me if I don't pay premium ,that really bad I'm really disappointed",1,0,0
1d1a6844-3132-49b6-b86f-5b532accddc9,"App didn't work properly six months ago so I left and come back. Still the same problems! Music continuously stops and starts again, buffering. Saying access premium features etc. Every review on here says the same thing but nothing has been done. Yet again I'll cancel my subscription and go elsewhere as it simply doesn't work.",1,0,0
4d4e822e-7853-4586-8da9-b1ffcb4ecf73,Initially it was a really good experience but then....it turned out to be like I have been listening to adds and music came in between as an interruption..... seriously okay.... it's your marketing strategy to drag people to upgrade premium but still if I don't.....then does that mean u will keep on playing adds and then ask for money to stop them...?! So much of repetitive adds ....!,1,0,0
86d2ad23-a842-49fe-9f47-7f9a438a07d0,"i have switched to YouTube Music and the ui is so beautiful, fast and responsive..... i will never use Spotify again.",1,0,0
72f161db-4fca-4965-92b8-7d4f0bdbd5fc,Lowering the rating from 3 to 1. Disappointing to see what Spotify has become. Used to be a premium customer and you choose to make it impossible to listen to anything. Apple music didn't work as expected (not their fault). But coming back to Spotify is not an option. Happily deactivated the account!,1,0,0
e5d57d3a-cc11-4339-9522-c6eae3bd579e,this app is a money hungry keep asking to buy premium If I wanna play my favorite song and give me 5 ads in a row after each music I at first it was good but after only 3 days of use it start acting up I don't recommend buying premium I rather buy YouTube music premium rather than this,1,0,0
633d409e-82be-4e78-b079-4b74e9a28e25,3 years later....recent Dec/2025 update ruin playing experience. I use mainly my liked songs Playlist and cannot select an specific song.. I hit play or shuffle buttons and they work fine...but when I go to a specific track...nothing. I'm a premium member.... Play button/bar/lockscreen gadget disappears while music is playing. Songs stop suddenly and after 2 seconds continues. I'm a premium member. This is occurring since last update.,1,0,0
6b8a503b-9dc7-423e-8195-5cce75bb4a11,"Awful, they cancelled my prepaid 1 year subscription because ""i was not in the same country as my payment method"", but because i reissued my card i have no access to this funds, just pure scum. update: support is useless and cant help with anything, each agent is just keep forwarding my problem to another agent, no actual help were provided.",1,0,0
0e42bbbb-1d33-4ee0-9f3a-77a544bb9fdb,"Terrible app for podcasts. It often says I have no connection which is ridiculous because A) I do, and B) I shouldn't need internet to listen to a downloaded podcast. Also, if I receive a text, or any other type of notification, the playback stops, and I have to restart the app to resume. All this and I get ads with a paid subscription.",1,0,0
4e335aa6-d9d8-4096-ad14-ea8ecb1489cd,"Playback stops randomly, ""now playing"" is entirely wrong, skipping 15 seconds is broken entirely. This app has become un-usable with recent updates. Update: A year later it's still garbage, now playing rarely works, I find myself restarting the app 10 to 15 times per day to try and get the playback to work. Music and podcasts stop playing, randomly, all the time. Fix. Your. Freaking. App. We pay for premium and this is not.",1,0,0
3f1012c6-ad85-48ce-893c-07079b7469c6,"Very bad customer support. No efficient redressal system. I was charged twice for my premium student account and when I reached the customer service, the agent said that the transaction was failed and told me he can't help me anymore. The amount had been debited from my account and my bank told me to check with Spotify but the agent said since transaction is failed, Spotify can't refund me.",1,0,0
effe7e11-4281-4ca0-a2e9-fb981ea6ff02,"Think I might cancel my subscription. Tonnes of songs completely at random just won't play when I press to play them. I just get silence. My internet is fine, I've cleared the cache, I've uninstalled and reinstalled, I've restarted my phone and all software is up to date. What is the point of paying for a music app that can't play music. Shocking service.",1,0,0
ec4ca5a2-3daf-4e7d-afa7-eed6bb216c39,Podcasts aren't even podcasts they are just re-uploaded YouTube videos. The worst part you can't even turn them off. thinking of moving over to apple music.,1,0,0
081688a5-accb-4d8a-8e1f-c7b4b99a4841,"Everytime I press the three dots to add a song to a playlist or go to song radio, the app freezes and crashes. Been going on for a couple months now and updating it nor reinstalling it has fixed it. 1 start because I literally can't download music because I can't make playlists. Will cancel premium if this doesn't gets fixed soon :(",1,0,0
b3597e33-9013-4f2e-9d77-fc0de993e880,"my phone was broken so im trying to install Spotify in another device as I have bought premium however, it's not letting me install in another device with this same account. note that I have a stable internet connection trying to install Spotify in this new device.",1,0,0
e89cea94-ab1f-4beb-8315-590decbcaa02,"""A year ago, Spotify was the best app for listening to music. The user experience was smooth, the recommendations were spot on, and the app felt intuitive and enjoyable. However, over the past year, the experience has noticeably declined. There are more ads, even for premium users, and the interface has become cluttered and harder to navigate. Music recommendations seem less personalized now. I used to love discovering new songs here, but now it's frustrating.",1,0,0
b3af75be-7901-4659-8c07-edbd7770536b,it asks you to pay premium every Time,1,0,0
4e8e2f3d-3edb-44b4-86ff-484cbaea6655,don't buy subscription plan because if you buy plan your money was debited for your account but after ten or fifteen days they will cancel your subscription plan... Even you didn't get your money.... worst experience 🤮🤮,1,0,0
ac4fc73c-5f65-42f1-bc48-fbe4cd18416b,"I'm still getting ads when I pay for premium. The ads are not from the podcasts I listen to, these are spotify ads. Tried to contact spotify and I get a stupid ai response that doesn't help. might rate higher if someone can actually fix this",2,0,0
5c48ab38-a4a0-4083-8aa7-d3a0ae1ff871,"Slow and horrible when searching for songs or trying to play anything. I pay for premium and get a spinning ring for at least a minute before anything comes up. I've tried to clear cache, Uninstall and reinstall. Just a horrible experience.",2,0,0
e84bc29c-afb4-41e9-833a-69c33b81cb83,"As a source of all kinds of music it's a very good app, but the ads are insufferable. I know premium plans exist but not everyone can afford to spend on music that can easily accessible at any other platforms. I do hope the frequency and amount of ads decrease in this app. Like THREE whole ads in a row??? Thats a little too much. Also you need to fix the recommendation algorithm. The app recs me songs and artists that do not match with my taste or previous listens at all.",2,0,0
becb3de1-f3bd-459b-a600-b3b90f8b98ad,"I've been using this app since 2020-2021, and I want to keep using the app but if I have to google how to cancel a subscription and google still doesn't help me because the subscription is deep into the information of my account in a in-app website or I have to use a website to cancel my subscription? Yeah, you clearly failed as a company. A billion dollar company making a Spotify playlist of a sad puppy to guilt trip me because I'm broke to contunie paying.",2,0,0
64b7e416-35c7-40e6-8843-f63365d10b92,"TBH I love it. I've gone premium. I've got wide ranging and quite obscure tastes and can find most of what I love but... I'm overseas and had my card stolen. It's taking a while to get the replacement. I missed my payment and the only way to continue to listen to Spotify free is to cancel premium. So, have it your way and I'll go back to downloading.",2,0,0
fcf261b0-0ef5-42d5-a5bd-91fac6e41659,Mann!! this used to be a great app when it comes to creating a mini world of ur fav songs and genres but!! this month they've completely lost it by making us buy the premium even for playing our song once! i mean..whats the point of a music app then? just to listen to its own imaginal taste of random songs? thats so low-standard thing to do spotify-- total disappointment 😞,2,0,0
52ad5956-2b15-4cbe-b43e-961b9fce3e46,"The app is literally unusable for people who don't have premium. From not being able to download to me not being able to use it internationally? I just want to listen to my music man, I'm gonna be in this country for another month and you're telling me I can't use the damn app at all? This is why I see less and less people use spotify these days",2,0,0
f9bcf2f8-037e-4614-b7b4-3b26875eaf65,nowdays the spotify is not good because after the first payment of students plan the next payment is more than the first payment i am fed up with the plans 😩,2,0,0
7b7dfade-dd66-4a24-9926-86515f16e380,"I'm not a fan of the direction Spotify has been moving in recently. Forcing users to follow artists so that you can sort them alphabetically in my library is absurd, and is almost a deal breaker for me on its own. I rely on my library, and I have plenty of artists that I don't care to follow. I'm going to be switching to an iPhone later this year, and with it, will probably be switching to Apple Music. Their library just seems so much more streamlined.",2,0,0
192762fb-edd8-4d77-88aa-64e5283e5842,Just to make us buy their premium app they are keeping unnecessary annoying ads. Not even of any other product /services but ads about their premium which is very much annoying because even if we cancel if we'll have to listen 3-4 ads at a time. Others also have this feature of ads but they aren't annoying,2,0,0
8c1f8566-75af-4be7-bc22-ea5aebf0f7ff,Awful experience I am a premium user of Spotify and following are the very bad things about it which I later came to know after opting for premium... 1. One of the most popular music production company in the world Zee Music Company's not a single album is there in the so called Spotify's music library. 2. Many audios sound are not properly optimized and equalized. Try hearing the song on Spotify first and the listen the same song from any other music platform such as YouTube or prime music.,2,0,0
ffd11bfc-5fbc-4fcd-8eb0-8ef1f95eafa4,"I've been using Spotify for a while now, and a premium subscriber so no ads. It's a pretty decent app. The problem I have with it is the random genre of music that is thrown into your daily mixes; with no option on the app to delete or change your preferences. They'll say keep listening to your favourite music and it'll change over time, but it doesn't. It gets pretty annoying real fast when you're seeing recommendations constantly from genres you've never listened to. Please fix this.",2,0,0
075c8217-ab97-49d2-ab2a-f3b652e3e5d6,"It's a feature to be able to listen to music on your phone while the screen's off or just playing in the background, but recently it just wants to decide to stop playing whenever it feels like. I put a timer on to sleep to music, and it won't even get through the first song sometimes before it just completely stops playing and acts like I was never playing music to begin with. Absolutely annoying. AND I'm out here paying for premium, which makes me look like a mug.",2,0,0
a4045a7a-053f-41d2-a4af-b7167e8b5bff,Love this app However after using it I decided to pay for add free. But when Iost my bank card I had no way of updating the details my self. And because you couldn't get my payments you even didn't let me go back to free. Now all of a sudden you have a link for me to do so and no way of using it even with the adds as a FREE app at the very least I should have that option until I can afford to pay. So unfair you need to give us that chance to update the details ourselves. Now I'm blocked. 2 stars,2,0,0
794d3774-65f9-43e2-8ef8-9bd811ab48fd,This was a good app but with the last update the music keeps pausing when the screen goes off. It runs fine with the screen active. If this isn't fixed quickly I will have to cancel my subscription and move to something else. I've only used spotify for the last 4 years and latest upgrades seem to be more downgrades than anything else.,2,0,0
3445412d-e952-44ca-97b3-8c9a0dfea288,"Used to be amazing, but recently the app is a heap of shite and constantly stutters during playback and outright turns off when my screen turns off because of inactivity, makes listening with headphones really infuriating. I've checked every single setting to let the app play in the background, on both the app and my phone, but yet, the homicide inducing inconsistencies prevail. Fix your god damn app or folk are going to start moving back to amazon or apple.",2,0,0
2ee5cb39-a30b-49d2-b0c0-ee099743954d,Convenience seduced me into paying them for premium again for a while but not any more until they put users first including the artists. As of now my experience is of an excruciatingly slow app and devoid of useful tools to efficiently manage media. Forced to slog through each item amongst 1000's for preferences etc. Bad for exploring new stuff they force-feed a narrow algorithmic generated selection without useful way to explore or access novel art outside of what's shoved upon you.,2,0,0
6f276031-eedb-43f1-bddd-5eb53c11ee6f,"What happened? I have a premium membership, and all my downloaded albums which I have for offline listening only show 4-6 songs. What happened to the rest of the albums? I have uninstalled and reinstalled the app, this is very frustrating. Must be a problem with the new update, normally this is a great app.",2,0,0
b91db6c1-1d86-4493-8040-4423004da56a,It has been taking longer and longer to open playlist/artist/ect. I've tried to reinstall. Doesn't matter if its downloaded or streaming. The app can take up to 5 mins to be ready. Why is it always trying to download when I have downloaded nothing new? I'm about to cancel my subscriptions. It has gotten bad,2,0,0
c13b6bfa-983d-40cf-a7e6-466afdc6c004,"Edit - The idea of how Spotify was born is great, but nowadays it's ridiculous. the advertising is every second song, if you don't update every time to the latest version you can't play anything. I paid for the premium for 3 months and there are still ads in podcasts. Absolutely a shame.",2,0,0
93faa224-eb2d-4f48-bcb5-20594570cf25,ad free music is great but why does it set my song back to beginning when i reopen the app? it's annoying,2,0,0
908801af-8371-45c3-a30e-1e82e58f5d3c,"Spotify used to convince me with its huge music collection as well as nice looking and easy user interface. Unfortunately, since the last update the app is either not loading content despite a sufficient internet connection or doesn't close properly. Although as a student I'm paying ""just half"" the normal price, I expect that the money spend is worth it. If the problems won't be fixed the next couple of days I might consider spending the half price somewhere else.",2,0,0
f6f8369a-2543-4448-8efc-eda80d5daf96,Even premium users get to experience ads!,2,0,0
c217017d-ed73-4f44-a678-decea11db1ed,"The best music player app ever. But, I'm a premium user and where is Behind The Lyrics option, I loved this feature so much, and now my favorite songs don't mean anything to me. So please fix that problem or tell me a way to fix it. Thanks Spotify Ltd. I hope you guys answer this review soon.",2,0,0
92732185-5d13-425a-be81-0dea56422969,"been using spotify premium for years now and love the jam feature, unfortunately, lately my jam links have not been inviting my friend at all, i've restarted my app, cleared my cache.. logged out and back in, uninstalled and reinstalled the app, nothing works, but when I join their jam links it works perfectly fine, what is the issue? their on apple, i'm on android? is that the problem, honestly have no idea at this point",2,0,0
530232ac-56c0-4943-b005-7dacf751d402,"The buggiest app on my phone, and also the only app I pay monthly subscription to, which makes it double frustrating. There also seems to be no easy way (or any way) to contact support from the company, just a forum where other unfortunate users will try to help. Generally the concept of the app is absolutely amazing, that is why I'm still subscribing, but man... why so inaccessible?",2,0,0
4f5dc964-88d5-44f3-9947-e43f7e2b44c8,I've been using Spotify for over a decade and how has it just gotten worse over time!? They constantly ask for more money and force poorly designed/ broken things on you. The lyrics are either not there for artists or they're not even synced. I cant tap songs on my 'liked songs.' I don't use any of the ebooks but apparently I'm up charged for them. If you're new to streaming I wouldn't suggest Spotify. I feel stuck cause I pay for a family plan and don't want to have to cause everyone grief.,2,0,0
435d163c-4535-48b2-93d8-48bd0b87c37e,"This app used to work for what it's intended, playing music on demand. However after recent updates it appears to have gotten worse and worse, it gets stuck in loading loops, songs saved to my phone and streaming freeze regularly. I can sometimes wait several minutes waiting for a playlist to open. If they don't improve it soon I will cancel my subscription.",2,0,0
9a305fad-c9dc-49a2-9cea-d783404aac8b,"I have been a premium user for years and I am frustrated with the shuffle function repeating the same songs over and over. Also instead of only using my recent listening preferences as criteria for suggested music, I would like to have the music suggested from my overall listening history, to avoid having it only suggest rap music simply because I've listened to that the most lately. In short, I want it to suggest more genres of music from my all time listening preferences.",2,0,0
6adfdf2d-c673-40f2-bbf1-74bee8184780,if you dont have premium this app is hell and the price of premium increases wvery few months so good luck with that. I only use it cause theres no other choice,2,0,0
9cbde314-07c4-4d40-b72f-0ddafe27d158,The app is generally great but I'm also having the same 'offline' issue others are experiencing. I'm paying the premium and I currently feel I'm being robbed as i'm not receiving the correct service at the moment. It's so frustrating and uninstalling (so losing downloads) is not an acceptable solution as the problem only re-occurs again anyway - please tell me what you're going to do about this Spotify.,2,0,0
cbb37fb3-b112-47e7-a1cd-94277dd6812f,In the past few months this app has become so glitchy I'm tempted to switch to a different streaming service. I pay for premium which is a complete waste of money as since the new update I can't even see any of the downloaded playlists in my folders. Spotify used to be perfectly compatible with Alexa but recently it has stopped working whenever I try to connect it and I've had enough with this app now.,2,0,0
378b9dee-4507-4958-bafe-5b1a5d9e5b47,"Guys, fix your s**t, I'm a premium user for years now, and day by day the app gets buggier and you keep changing the interface (example: I can't find the made for you lists). App keeps playing a certain number of tracks from a list (example, plays five tracks from a list, and starts over with the same tracks without playing the rest of tracks on the list). Another issue is controls disappear sometimes, and I have to close the app and reopen it. Very disappointed, considering other streaming apps",2,0,0
0b464b8e-bfe7-4da7-a23e-7393877473ab,"I like the app but they put very loud ads in between songs and they alternate it with quite ads in order to make you anxious and get you to the point to pay for subscription!! This is a filthy way of manipulation !! I don't pay for it and do bear the ads, which is fair but making it even more annoying in a subtle way and on purpose is a shame !! :(",2,0,0
b4409613-d5cb-4b5e-a17f-2a24e39bffa3,"Pay for premium subscription but now have to listen to Spotify ads, why is this happening? Premium should mean no advertising.",2,0,0
65e14a5c-36de-4922-852c-5a0b94779183,"I love Spotify! The app is easy to navigate and the controls work when my phone is locked so it doesn't waste my battery. The selection of music is awesome too! I love having thousands of songs available offline. Totally worth Premium, especially paired with Hulu.",2,1,2
e1014c4c-1e04-48c3-88cd-68474b4f2a2e,"I've used this app for years, and I pay for premium, but the last update ruined it. Shuffle is garbage; it plays the same 5-10 songs all the time. And this morning in the middle of a song, it randomly changed to another song on a completely different playlist. They better fix the issues soon or I'm going to have to take my business elsewhere.",2,0,0
13501cdd-af2d-4284-a3ab-8bfa56c3a5ce,While I'm driving in offline mode won't load my list forcing me to play with my phone to make it work leading to closing and re-opening multiple times while driving with paid subscription. Considering cancelling my subscription since the only reason I had Spotify was for the convenience in my hour commute to work and my hour back home. My downloaded offline playlists barely work with out a lot of effort out into refreshing and I just got a new 2024 phone.,2,0,0
38756cc3-9a7f-4345-addf-7a9902b975cc,Update for the app needs to be done for Android. It's been very glitchy last few months. It'll tell me "no connection" or will just be stuck on a loading screen so I constantly have to close it down and reopen the app. It's also not allowing me to share songs to other apps. Never had problems with it until recently. Kind of disappointed since I'm paying for premium.,2,0,0
9d48eca5-5ff8-4fc2-8cac-3f40b4f47353,"There is a lot I like about Spotify I like , but as I'm paying a subscription I should at least be able to block music I don't like. Hidden songs and artists I've set to ' don't play this' still keep appearing in my playlists Songs I'd downloaded for offline playists are no longer available , used up my mobile data before I realised . Also ,Daily Drive and Daily mixes just play the same songs every day. Really annoying and enough to make me want to cancel my subscription.",2,0,0
cb424c4f-c7bc-40d6-9bbb-96f69a9867fd,"I've been paying for Spotify family for years now and loved it. However, the recent update has changed my homescreen and it looks like an app full of adverts. It no longer looks personal to me. What is the point of paying for something to avoid ads, when I'm inundated with ads and recommendations. I'm seriously considering cancelling my subscription, which is something I never thought I'd do.",2,0,0
c25f3fee-a452-40b3-a515-a1cee81cadcc,"I've been using the premium version for years and no problems using it in my car. In the last three months the app is glitchy at best. Every other day it displays Spotify appears to not be working ony cars android enabled media player. I've done everything from uninstalling, allowing all permissions to even rebooting my cars entertainment module. Still plays music, but I have to control it from my phone while I'm driving. Please fix or I will cancel my subscription.",2,0,0
2fa2bc12-5989-4689-9e67-aef7390e858e,"Inspire of the fact is a good app probaby the best music stream service, I have decided to cancel my subscription because since my collection reached to point where it not possible to save any song, album or playlist at all, what is a complete absurd. For those who like music a lotc and have a huge collection like mine, I do suggest you guys to try Youtube Music that allows to import your collections from Spotify and Google Music.",2,0,0
bdfb5ce7-0b3e-4164-9f93-a6f0df73a862,"Okay music wise it's actually a really good app. It'll make some automatic playlists on the feed of songs I've listened to maybe even on repeat. BUT... I have no idea why this game plays up so much?! I see the shuffle button to play a random song, and it gives me the first song on the list?! Or sometimes I'm listening to a song and it totally stops working? Even when I just started listening to 1 song in the app, and it sucks since I'm paying premium, only for it to always stop working 😬",2,0,0
c5ad60e9-e8a7-43ae-bf94-1580bbb0c81b,"Have been pretty satisfied with Spotify over the last few years, but lately it has been intermittently saying ""no internet connection"" and will not play music except for songs that I have downloaded. This has been an issue for a while but has become far more prevalent lately and is getting bad enough that I'm considering canceling my subscription and setting up with a different provider.",2,0,0
a23bd42d-180c-4fa0-9327-d5ba1284ac07,"Switched to Spotify because it was a couple bucks cheaper than YouTube Music. I hate it. I really, truly hate it. Unless you only listen to albums or your own custom made playlists— it's terrible. Just God awful. Spotify can and will recommend the same songs over and over and OVER AGAIN. Want to play a song radio? It's the same 50 songs you got tired of from the last several song radios you tried :) Want to try a pre-made playlist? It's the same songs again :) Anyway, I hate Spotify.",2,0,0
845152ee-038c-430f-978b-f28644af9806,"has a free 1 month of premium and tried charging me money anyways, Spotify, this needs confronted. note this, I haven't bought it yet, and it says it's ZERO DOLLARS.... SCAM OF THE YEAR GOES TO.",2,0,0
8aa50c6d-72e7-4e4e-8f7a-2a6bd38aa006,"Overall great for music but at best really shaky when it comes to listening to podcasts. Despite paying for Spotify Premium I get ads (that are german despite me listening to american true crime podcasts, so it's not the show's fault in my opinion) in front of most podcasts - sometimes multiple that run for a minute and a half. Yes, I can skip them but it's really irritating given that I pay for Spotify PREMIUM. Edit: As of the 15th of March 2023 the ads got even worse, all across podcasts.",2,0,0
c2a05e80-0272-4bbe-9f4c-042847230df2,"As a premium user, it's inexcusable that the app can complely shut you out and not let you into the account you have paid for. It's equally inexcusable that support on Twitter insists an outage from several weeks ago is resolved and that everything is fine now and it's your issue (turn it off and on again, uninstall and reinstall). Great when it works, most of the time, awful when it doesn't work as there are no updates on when or if it'll be back up (like now).",2,0,0
9b16c009-4ae4-461b-b2e3-1e7a603c6d53,"Great music etc... but something has changed recently with the app. Frequently crashes, gets stuck on loading screen, says I'm not connected to the internet even though have full and strong connection, randomly deletes music I have downloaded, refuses to buffer songs because it thinks there is no internet connection. Please fix this app ASAP, it used to work so well but I'm not going to be paying for a subscription if I get so frustrated by the app every time I open it that I give up.",2,0,0
14d6b187-021c-4101-9be8-6e27e5fea5e8,"I have been using 2 Spotify accounts for the past 3 years. First u changed the shuffle option & the queue option and made it available for only premium users. Let that be. But what the hell did u do now? Now my App itself doesn't work. I see the music playing, the volume is turned to maximum. But still I can't hear anything. Nothing. Literally Nothing. Please fix it.",2,0,0
e671b358-e6b7-4442-bba0-280a7ad7da5f,"I actually really love this app but they r asking for too high of a price for premium and the ""perks"" that you can get from premium are so small. I wanted to put my other email in to make another account and my current email is saved as a weird jumble of letters and numbers. Don't know what to do and customer service is very slow and bad. Trying to just cancel a premium membershil is tedious, exhausting and time consuming. Highly do not recommend this app.",2,0,0
abb92c08-9917-4926-ac27-c68be363a03d,"Never had much of a problem with the app before, but......now it keeps crashing when I try to expand ""About the song"" the see more part. I am a premium member. Please sort it out, it may be since the last update?!",2,0,0
0184af40-a88b-4317-abc8-9829854ab17b,"I’ve been a loyal Premium user for more than 10 years, but Spotify and I are going in different directions. I’m switching to a competitor after making sure all my playlists have been correctly transferred. I might return if pricing and artist payment policies change. The final trigger was a price hike handled poorly: I got an email saying I had to approve it, then another a minute later claiming I already had, which I hadn’t. That left another bad impression of the company.",2,0,0
abb17194-091f-4ecc-bae9-ed74995fe420,Star rating would be higher but my app keeps undownloading my playlists at the most inopportune times and its really starting to irritate me. I hate having to always turn it to offline mode now when a month ago I had no worries about walking out the door and trusting my music will stay downloaded. The app is glitchy and slow and uncooperative more than usual. I find myself restarting the app constantly. Whats the point of paying for premium if I don't get to utilize all its perks.,2,0,0
321a1093-d630-4e46-b270-30eb2a880a12,Constantly telling me I'm offline when I'm connected to Wifi & have data on. This app chews battery like there's no tomorrow. Can't search by record label. App has slowly began to deteriorate after each update. Will be looking into other streaming services if issues persist as I'm a premium user & feel my money will get better value elsewhere. I'm a "premium" user. Why are the songs I pay to download being deleted?!,2,0,0
8483dd71-f354-4549-b152-bd375265607d,definitely gotten worse over the years. audiobooks have limited play time. not worth the subscription,2,0,0
0a819888-3d12-49ee-9a83-566c2813c755,"Didn't used to hate this app but now... New update screwed up my podcasts. No longer shows the episodes I haven't listened to when I click to show only ""Unplayed"" and it doesn't auto play the next episode, even though I have ""Auto play"" turned on. Had to revert to a previous version of the app to make it usable again, will not but updating until this is fixed. Ridiculous since I pay for premium student. 🙃",2,0,0
7df9eb05-1c99-425f-98c2-2eb819e91b2e,"Watch out for Spotify Duo! Used to love Spotify, and it still works well, but recently paid for Spotify Duo, assuming I would be able to add my partner's account. However, he cannot join until the end of his current payment month on his own Premium subscription- there is no option to get a pro rata refund or to start Duo later, so effectively I am paying for two accounts and only allowed to use one! Waste of money. Customer services unable to help.",2,0,0
dd5a75d5-0186-4ff9-af79-08dab3d22a8b,"locked like all the features behind a paywall.. play you music in order, download your music, skip to a specific time in your music.. it's not that Spotify premium is cheap it's that some people just DONT WANT TO PAY FOR IT",2,0,0
79e97f46-75c8-42a0-a30b-f0e254fb4436,"I am so frustrated! The music keeps changing in the middle of the song or while paused. I changed password, even though I was sure that wasnt it but no help. I contacted support and they literally disconnected from the chat and then I got an email saying I canceled my subscription?! All anyone can say is someone is logged in my account but this a new account and no one would have access to it. Plus I changed my password to be safe. Now I cant log in! What is happening with this app?!",2,0,0
fe5df851-a63f-4039-ac99-b640fc8d5363,"Up until say the last update, I would have given this app five stars. However since the last one that I've noticed no matter what I click it's always on shuffle. For example listening to the Hamilton soundtrack I go from the first song to The Ten duel Commandments which is the 15th song. Very upset that this changed and even though someone else is paying for my me to have premium I'm thinking about leaving the app",2,0,0
19aa0e17-163d-4c85-b1e5-b1d33bf19b72,I'm a long time user of Spotify and have been using the premium service for about 6 years. I have to give the app in it's current state a low score due to bugs. I can no longer play music and shut off my phone screen without the music pausing for a few minutes. This is a big problem to my phones battery life. I will no longer be using this app until that bug gets fixed.,2,0,0
91d28bfa-0612-4628-af50-6c929adf92e4,"I've had premium for a long time and recently it has been awful. While using shuffle it uses the same set of songs in the same order. It recommends the same songs over and over again. It has so many glitches and bugs spotify is just not worth it anymore. This comes from someone who loved spotify, now I encourage everyone to look into different options because there are no improvements in sight :(",2,0,0
ddd8db24-6a50-4437-a6b6-0eea797d541c,"Impossible to customise homepage, you are bombarded with terrible podcasts that you don't want to listen to and the best part is, you can't remove them. I have to search for my favourite podcast all the time even if I am following it. Moreover, Spotify original podcasts are really bad pandering to the lowest denominator but they're promoted at the expense of your favourite ones. That's what you get for a paid subscription! 😆",2,0,0
9743c262-0ada-4d10-93dd-979eb4607759,"I'm still okay by 3 ads as a non subscriber, and then now they change it too 5 ADS? you really think the more you puts ads, were gonna pay for the subscription? the only thing you gonna make us is uninstall this app🤦🤦🤦... Please make it less ads",2,0,0
8389311b-be7d-4501-9123-0a26c52b9a16,seems like every nine months it goes up another $2. you tried to ask for any help and they say we will help you cancel your subscription. it doesn't say anything about helping you for being with the company for 10 years. nothing but money grabbing. maybe not pay Joe Rogan so much and put the savings to your users,2,0,0
d38b7e12-5102-49ca-af32-9b33b98af901,"TL;DR Super laggy app when downloading playlists Spotify's app is astonishingly slow when you've downloaded large playlists. I downloaded all my liked songs (not huge; ~6.5k songs) and it can take several seconds to even open the playlist, let alone play a song. I thought this was a hardware issue but I just upgraded to a new Google Pixel and same issue. Also not a fan of the fact that Audiobooks have a limit in hours of listening per month. For context, I've been a premium user for 8+ years.",2,0,0
27edc5e6-4d7b-4694-8bc5-5669653d59c4,Either fix this car mode bug or I'll be one of the many to come that unsubcribes from the paid subscription Spotify platform. Many other platforms that offer specials just to give them a try. This car mode issue of working when it wants to certainly has me considering to take one of those platforms up on their specials. Update 01/11/2023; Bluetooth car mode bug still not fixed and now the app randomly starts to play music even if the Spotify app is not in use or hasn't even been used all day.,2,0,0
fa41ca36-dc41-4421-bc6b-4f494b9d1b60,"The unpaid version is unusable and not user friendly at all. The developers made it like this on purpose so you pay for Premium just to have some sort of functionality. When you do pay for Premium, it's awesome for music but not so much for podcasts. You still have to listen to adverts (normally the exact same one) over and over during podcasts even if you've paid. Feels scummy. Also the two price hikes in less than a year is pretty ridiculous",2,0,0
138508d7-6100-43ed-9b6c-e0e0b9b5c277,"I've had Spotify premium for a few years now and it used to be great. However, now it has so many issues on an Android device. I recently got a new phone, and the problems persist. It freezes but continues to play music, so I have to force close it (which I can't do when driving). Also the radio is a preselected set of music, so once you've listened to it once you can't use it again to find new music. So frustrated I'm considering switching to another service which is Android friendly.",2,0,0
af5220fd-d014-4e7f-bb54-debdb1b14047,"I love Spotify. I really do. I have premium in fact. But the android app is so broken it's impossible to enjoy the premium I pay for. Changing song doesn't actually show up on the bottom status line, the app randomly lags out and pauses, among others. We pay for this!",2,0,0
8a2b5a83-a59b-4161-8095-951a13d8648d,"The new update Sucks! Too much chaos. People don't need an AI controlled app suggesting everything under-the-sun. Here's an idea, make it so there is a simplified version or option to turn off all the junk suggestions, especially of music genre I don't listen to or even hate. This app has become cumbersome to use. I am a long.... time Spotify user. I might cancel premium and use YouTube. On top of that the app is not playing the songs in playlists, its playing songs in some queue I can't change.",2,0,0
2bad1c64-961a-4bf0-88d7-0be1110efc74,"Used to love the app and was one of the first apps I actually saw the value in having a premium account but not the case anymore. The app is so buggy now and it makes it almost unusable. The Now Playing bar disappears, even after closing the app or even after deleting the app and installing it again, and what's the point in having a premium account if you can't actually choose what you listen to?!? It also pauses randomly and starts again a few seconds later, which is just frustrating.",2,0,0
28816125-6ecc-44f9-a19d-100262eb0df4,the app is ridiculously laggy and slow even though I'm a premium user it isnt optimized at all,2,0,0
f1df18e6-ce9e-479b-8895-1f5d52808954,"The new version of Spotify created a hatred for the users of Spotify , if you keep doing like this your application will be totally wasted, i personally like the app before and after update it change the activities that most people do for an example like of you want to repeat the song you have to pay subscription for it other than you cannot do a fro too. Thanks you , Spotify make your user happy .",2,0,0
c149031d-41f2-47f2-877a-1c7be8068e51,"I'm honestly so done. I've been using this app religiously for years, I remember when we had one ad every 7-8 songs. Now I get 3-4 ads every 3 songs. the price of premium had significantly gone up and it's utterly ridiculous. I've gotten so fed up I've even tried looking for a different music app. it's honestly the most frustrating thing to get 3-4 ads at once. it's horrible. not all people have the money to pay for premium so please sort this out. you've gone far down hill with this app.",2,0,0
b4565124-3c2b-4fb4-aa3d-ec9a1132ec84,I like Spotify as an app but you have to pay just to not have your playlists automatically on shuffle and most of the ads are about Spotify premium.,2,0,0
a2034362-c20e-4c1a-abfe-249976ae8f9b,"the last 3 days my Spotify is lagging and won't even load. I've deleted and redownloaded, cleard cash. made sure it's updated but no change. and I pay for premium",2,0,0
c7bf198b-f635-477c-a28b-c12248f0778c,I have given you two stars because: 1. There is one particular ad which I find has an improper use of language. 2. Not everyone can try the premium trials because you need a card containing money. 3. We should at least be able to play a certain song. 4. I don't like it when you add songs to my private library playlist that I didn't put there.,2,0,0
17944502-310f-4559-b211-4fa5dda5b2ce,Works Ok. They really have worked out how hard to push on the advertising to make you want a premium account.,3,1,1
c03ff1d9-3022-4fee-8aa6-dfb472857661,"I've had premium for some time, and it's nice to not have ads, but the app keeps crashing on me. Also, I find it a bit scummy that I'm paying for premium but don't get access to all audio books or unlimited audiobook listening. Love the books, not paying an extra $15 a month for them.",3,0,0
5a55aaef-0705-4540-b600-dfbb01035fd2,"I pay for the premium subscription, and t hey have the audacity to give me an ""allowance"" on lyric reading? Lest we forget the time the Spotify CEO got called out for only giving the artists 12/mo for all of us listening to them. they just create a platform where everyone else does the work under the guise of entertainment, while they get rich.....doing the bare minimum. Unacceptable.",3,0,0
9c6b612f-b12e-4f75-98ba-f997e328b579,"I switched back to Apple Music because it offers lossless audio without any additional charges for students. While applying for the student discount, I noticed that Russian colleges aren’t included, but Apple Music still provides the discount. I've been waiting for Spotify to introduce lossless audio for the past three years, but when it finally arrived, it came with a price tag that’s simply unaffordable for a student.",3,0,0
d4ee5545-64e1-4d59-8235-2cd84a4ff5e1,"Problems are often, music not playing or not pausing. Songs refusing to change or significant time to load your albums or playlists. Not to mention the steady price increases. This doesn't feel like a premium service as the cons are starting to outweigh the pros. This was a five star app when I was a student, now as an adult, not so much.",3,0,0
eff082e6-2844-467e-b8d6-21482349efab,"I was a happy premium customer for many years, but recently I updated the app & it's causing my phone to freeze up, black screens or just the Spotify logo, and also even when I've tried closing all apps in my phone due to these glitches it keeps playing music and I have to restart my phone. Considering how many people have left the exact same issues and reviews of late, maybe you should take a hint, it's obviously not 'user error' the app is faulty. Amazon is much cheaper might be time to move",3,0,0
4f625880-1a61-49ed-b527-bd7306d25d7c,"Samsung Galaxy S20+ Android 11 I pay for premium, have done for at least 5 years. The app is slow to load anything at all & frequently crashes. I love spotify but this app brings me the most frustration out of anything on my phone. It was the same with my previous phone too. Every update i pray the speed will improve, but never does.",3,0,0
d402e31b-10d5-4c5b-9718-5ac770415f95,as a student felt that Spotify was costly thus switched to youtube primium the songs are good quality though gg.,3,0,0
69226a21-c033-470c-8fa0-bc4c9e76d6f2,"Best quality of music and many songs to listen to, often have it in the background. But, i have the WORST songs recommended to me and my daily playlist are pure garbage apart from the songs I have already liked. Yes, I have an odd, hard to follow like in music but you are giving me songs i have removed from my liked playlist, you THINK it would be able to process that I don't like those songs. I have also been getting ads at the start of podcasts despite paying premium which makes no sense.",3,0,0
f676353e-378d-4b22-a667-99ac6e652133,I love Spotify and I'll continue to use it for now but recently my app stopped working. I could be actively listening to something and it'll just stop on it's own and not start again. After troubleshooting directly with Spotify I was able to get it to work by clearing out the storage on my phone. But now I have to clear it out every couple of days or else the same problem pops up. No one else on my family plan has this issue & it came out of nowhere.,3,0,0
729e90cf-260c-4b67-880a-75cb08b31df4,"Great app, especially the paid version. That said, giving errors since the last few days, not working at all.. I'm a paid subscriber.. kindly help.. The screen suddenly closes within a second of playing the first song, so practically it doesn't work.. I've had Spotify premium for almost 8 months now, facing the issue since the last few days..",3,0,0
2ef4d2f7-2486-4940-ad27-a8c4c78d8a58,"As a premium subscriber for around 8 years I am recently finding the app buggy and unreliable. It often says ""internet unavailable"" when I have full wifi at home, or just doesn't respond to me trying to change songs. And don't even get me started on the Android auto interface, it is terrible so I have removed it from AA. Auto-starting music when I've turned that feature off, starting play when I turn up the volume on another app etc. Will probably start looking at alternatives soon",3,0,0
627826d4-4543-4255-acfa-5824f3d82ed1,"I started to use Spotify for specific songs and I pay for Premium to avoid ads. What really annoys me is that I still get suggested songs that I hate as soon as I like anotjer song and put this one onto my playlist, while shuffling with suggestions is put off. It's intrusive and patronizing for a paid service to interfere with my playlist. They play more suggestions than playlisted songs.",3,0,0
541f3c9d-ddb8-42ed-9ae6-fd30a761a35a,"bruh pls just make a way to clear ur history of listening , sometimes I listen to dumb podcast and it's shown to everyone that I open my Spotify infront off its embarrassing. but great app if you have the premium if not it's a 0 /10 if used in premium it's a solid 8/10 place to listen to music",3,0,0
5949ed9f-2d78-436e-9897-c8bdb5a3925b,"I am a paid subscriber with a Family Plan. All 6 of us HATE the new AI DJ. I opted out of ""discover new music"" awhile back but with this new DJ feature, it seems it is back. Thinking of canceling our plan if songs are just thrown into my playlists at random. Not cool, quiet frustrating for the whole fam. Destroys the vibe/point of me making my personal playlists. GET RID OF DJ!!",3,0,0
00696e9f-b477-467e-b0b0-bd9d5f169d78,"Since the last update, this app has been nothing but glitchy. I used to be able to keep it offline with my downloaded playlists and the app would remember last song played and continue when started again. Since the update, it no longer does this. I must open the app & choose the playlist each time. Was so much easier connecting and playing in my car when I didn't have to open the app to get it to play. I have been seriously considering cancelling my subscription, considering these leaner times.",3,0,0
ffff48cb-a2d4-4063-a1cd-864dc7e27d5f,"I am paying for premium, sync between Phone and Laptop does not work.",3,0,0
22147a9e-2a53-47e6-9bdc-192568eb0b20,"Been using this app for 3 years and using premium for 2 years till now. Couldn't get to download my songs properly. I exit the app after downloading them, came back only to find the downloads missing, meaning I couldn't listen offline. I don't want to to keep re-downloading them everytime I open the app. I'm paying here, expecting full service. Fix it",3,0,0
8748ab82-460c-40a9-b82a-d5de4e26cff4,"I have had premium for a couple of years using Android Galaxy S8. My issue is that the bigger my library, the slower the whole app is to respond. I have maybe 200 liked albums and 40 playlists and 20 podcasts, (not huge) and it can take up to a minute to load the full menu, then another 30 secs to start playing selected songs. It's getting worse and driving me nuts! Particularly when I just want to start the music in the car and drive away. Does not seem to matter if connecting via wifi or 4g",3,0,0
61a00f30-ccfc-4ba0-869f-c2c26357cd37,"Well it's not actually random, it only picks song you recently listened to. And it gives you songs that aren't on your playlist unless you have premium. Also it only gives you a certain amount of lyrics per month. I still use it because these things aren't deal breakers for me but I really wish these things were fixed! I know Spotify probably does it on purpose so we'll buy premium.",3,0,0
dd2d8ba8-c88c-46af-bff7-aff44bef08ed,"I'm a premium user, being a Spotify fan since it was a browser player... I have my profile linked with my PlayStation, but mostly play music via a last gen android device. Lately, using Spotify is becoming very annoying, as it tends to stop/ start playing by itself, for different intervals of time, yet too frequently! The new update didn't do much about the problem, and I am not the only person experiencing this. Please, fix it! 🙏",3,0,0
a3819c75-78c7-4ef8-94d1-2843865925b3,Premium user for years. Lossless is great. Wish the recommendations were better. Keeps changing storage location from SD to internal and blowing up my internal memory. Might uninstall if I can't fix it.,3,0,0
f80a9771-2ff1-4fa4-bfb5-74fd57ee73fb,"Spotify is a good music app with a wide collection of songs, but I feel the Premium plans could be more affordable since not everyone can pay every month. Also, the promise of “30 minutes of uninterrupted music” is confusing, as ads come back after just 2–3 songs. The auto smart shuffle also changes playlists without preference, which can be annoying.",3,0,0
6693fe98-fb12-484e-875f-21e869bf0e9e,"It's a great app but I have an issue with the downloading of songs. You see, after I download if will be fine to listen to the songs offline but then often out of the blue, all my downloaded songs are removed. The playlists still have all the songs but it's no longer downloaded then, I will end up having to redownload everything from the beginning. And it happens to all my playlists and on multiple occasions already. Btw I'm using a premium account.",3,0,0
2c9ec866-d281-4817-a5bd-42a1eb7283b9,"UI/UX needs a lot of work across platforms. It's too difficult to find new releases from artists, especially when it's not pop. I want to see the latest releases from my favourite artists in my library. Without having to go through multiple sections. Artist pages needs a rework. When playing a song, highlight and show the current song in the playlist. Add filters to sections and search. Need higher bitrate support. I'm a premium member, used mostly on Windows.",3,0,0
3b9748d4-bb57-4161-be43-bc96d590492d,Spotify has always worked very well for me until the past week. Since the last couple updates I'm unable to open spotify's home screen without it freezing. I have to hard press the app so it shoes the widgets and go to search to play anything. Podcasts don't work now either. Please fix. I'm paying for premium.,3,0,0
e01a7c8f-8a27-4031-a47d-c2e6392ef4b2,This was my favorite app for listening to music but for some reason the songs suddenly stop playing in the middle of it. Can't understand why. Happens every time doesn't matter what playlist it is. I have been a client of Spotify premium for almost a year and I was doing great but if this keep happening I will just change the service.,3,0,0
e63fa796-0440-43c4-bcc8-2f04dd2da442,"This app is very good and easy to use once you get premium, however, one problem I have is that there are no clean versions, which means kids can't listen to some of their favourite songs because they are explicit, when they listen to the exact same songs on the radio but they're clean versions. Once Spotify add clean versions, I will give 5 stars.",3,0,0
62e7da49-197c-4d33-9576-fb411529069f,spotify has gone a lot worse lately.. it takes forever to load a playlist.. sometimes I start and finish my workout of 30 minutes and the playlist is still loading.. I have a Samsung 9 so it's nothing to do with my phone! I kept considering subscribe Spotify premium but if the quality of service is the same.. I'm out!! very poor!,3,0,0
9e7bc005-e734-4bd7-8172-dec06d34e356,"I know everyone seems to like this app so maybe I just don't get it, but I hate that they auto shuffle bands if you don't pay for premium. like, just play the insufferable ads and let me listen to an album. when I want to hear shuffled bands (which to the apps credit are good) I'll do it after the album finishes",3,0,0
169e3de4-1310-4fa8-864b-6c538082d60a,"Things have been going downhill. While features creep in, so do ads and bugs. I pay a monthly family subscription but we still get ads on podcasts from Spotify. That's insane and likely plan on unsubscribing. Device selection is buggy and sometimes it doesn't recognize my earphones, have to cycle my Bluetooth (things are ok on other apps), google cast bugs out sometimes, especially when two people have Spotify open at the same time... Getting bloated",3,0,0
05d8b00e-622b-4f9a-aa52-467c224ae13c,"Although I have a premium (paid) version, but I hate it and guess I'd better go back to anghami! first of all, it stops playing all the time or becomes irresponsive especially while using another apps or when connecting to Bluetooth speakers, this is really annoying. it is very common that the app freezes and the music stops playing and you have to restart the app to resume playing. also the connectivity to maps is useless. I'm cancelling my subscription and looking for a different music app.",3,0,0
418b1602-4229-400d-8481-260df9fa96af,"I've always loved Spotify but lately it's lagging a lot, I use it every day and have premium and sometimes when I'm trying to sort my queue out it takes forever to load my playlists, sometimes it just has a loading circle and that's it. Then when I close the app my music doesn't stop like it's supposed to, it keeps playing the song that's on.",3,0,0
0edb34d4-3aac-465d-abe8-6d23ccb66857,"I think there is problem when I play the middle part of repeat a part of the music, it goes mute and no song is played though I have a premium pack. This is already going on for nearly 2 months . I hope u get this bug fixed. And in the before very old version there was a option of reshuffle the songs played from a playlist or liked songs. It is quite troublesome when I don't want thesong randomly played or want something other to play. Hope u fix this",3,0,0
2b556792-e6af-4188-adec-a8cf6424091e,"It's a great music app, but don't be fooled. If you're planning to subscribe to Spotify the single most noticable difference will only be the removal of ads that plays during track shuffle. Right now there are no options to hide podcast recommendations and often times the suggested music don't make sense unless you listen to whatever is popular on the radio. If you dislike being bombarded with stuff you hate (and will never listen to), Spotify is doing a great job at it.",3,0,0
ceec3ec6-1ca1-4980-8b8f-538e9e74df7e,i like this app but it just takes up way too much memory and storage. it stops in the middle of a song when I have great connection. If i had option of moving it to sd card i would deal with it but i such limited storage it's frustrating. the only reason i had even downloaded it was of problems with my other music app. One thing i have such a problem with is if you dont get the premium plan you have to deal with shuffle play.,3,0,0
5483e98e-6c19-4bb4-8b8c-8f1a072f9c4e,I've been using this app for years a paid subscription by the way. All of a sudden on my paid subscription I'm hearing adds now? That's double dipping and should be illegal.,3,0,0
227e4e40-2ca4-4b53-a629-6cd3ec0c5a3b,not that good in music collection and suggestions are all bekaar ultra pulta. I am a premium user.,3,0,0
55ebe4cf-4ffc-48b4-87de-4f4643eed4c3,"Ive been using spotify for 4 years now. Its a really good app, Ive used premium before as well. But lately I've been having some issues. I start up the app, i can play the music but then it lags out and stops working. My music will randomly stop playing everytime i have an ad, the ad wont even play. It will skip and my music will stop until i play it again. The app itself has become very buggy, i tried uninstalling it and redownloading, that hasn't worked. Please fix this..",3,0,0
205f532b-5be4-4a00-b230-877fc003ac1a,I have used Spotify for many years. massive variety of music but I'm gonna have to cancel my subscription as the price is getting higher £12.99 a month for the individual plan. yer no adverts but the students get it for £5.99 that's £7 extra for 15 hours of audiobook subscriber from there catalogue not worth it in my opinion,3,0,0
42ae4306-e564-4d49-9e25-ad724700702d,"It's very slow, does not work when offline, or even online and I pay for a subscription. I personally think since they added in more features this app has went down hill.. I'm going to give it another month and might switch over to another app. We just want music! We don't need music videos or anything else.",3,0,0
6f8fa2f4-8f14-4eeb-a2eb-268038fada8b,"Have a lot of needed songs, but has mix on playlists and you need premium membership to remove it. It gives you random songs that aren't even in your playlist.",3,0,0
59c10036-d5f7-433b-ab6b-56c168708624,"missing artists and songs, constantly rising prices, wont accept my student ID, and the imbed lyrics exits full screen after each song. but since it has all of my playlists, i persist. if there was a way to transfer them, id be switching to youtube without a second thought, cheaper, and you get the rest of youtube ad free. in addition to the chokehold on my playlists, spotify wrapped is a wonderful marketing plot. provides no benefit, but it has me foaming at the mouth every year.",3,0,0
c7e2c545-fb08-43fa-9853-f908380b7af2,"I really like this app and subscribed to it one time, there was not much on the premium though I liked it. Then after 3 months I didn't noticed that I'll get deducted I didn't know how to cancel it, I've been getting deduction for 2 months now, and now I had enough. Give me a refund now.",3,0,0
fc099883-f867-4d8b-93d9-f9bdd9710360,"Great app, probably the best music player there is. I have a paid subscription. HOWEVER Lately it's been bugging. Whenever I play songs on my phone's speaker, the songs get stuck like a broken record quite often and it's really annoying. It does not happen when connected to a Bluetooth headset. I doubt it's my phone's speakers because it only happens with Spotify and it's not my WiFi since I have a 100MB/s line. Would appreciate some feedback on this issue. Thanks. My device is a Xiaomi note 10s",3,0,0
1e703b79-85a7-4869-acaa-4edc994fef38,"Had this app since long before high school. It doesn't even feel the same today. Too high a price for premium versions and even having that version, AI DJ aka DJX doesn't work or gives me music that has zero relation to each other, or endless music that I only listen to when I sleep. Debating on Apple Music or Amazon music at this point.",3,0,0
27e8a315-5ec1-45d2-835f-4539fe30b7a7,"The latest update ruined the experience. The new interface sucks and it takes such a long time to load. The worst part is that whenever I play songs that I just searched and never listen to before, it's asking me to 'Go online to play'??? What??? I've uninstalled and reinstalled the app 5 times already but it's still the same. If this doesn't get fixed soon, I'll unsubscribe to premium and not use spotify forever.",3,0,0
7f4a8dc0-bba3-4b33-9c85-b2c061981a2c,"use this app DAILY, love listening to music, have had premium for over 4 years. i need them to add a feature to hide album or single covers from my home page. i have a strong phobia of bugs, and sometimes artists like to use bugs for their cover. i cannot get rid of the picture and it makes it really difficult to use the app for myself.",3,0,0
477dff40-be80-4b8d-a38d-05842058bffe,I rated it 3 stars simply for the fact I pay for premium and it cuts out half way through songs on my playlist everytime. So annoying. Premium is premium!,3,0,0
7e7891ee-8710-43ae-8ce7-9425ba036f91,The best app for streaming music and podcasts . advertisements are ok for not premium users but It's totally like your playing what the app wants instead of what user wants. It would be great if you consider all the people because not all the people can afford premium. (actually it's reasonable for American and European users but in Iran is just too much),3,0,0
0b38079e-35c2-4b90-8864-4cf48b981e14,"I've used Spotify for years now, and on the mobile app there's a bug that causes an ad to play after every single song, I don't know what's causing it. It's annoying cause it ruins my music vibe. I know I can pay for premium, but I should be able to listen to music with an ad here and there but not after every single song.",3,0,0
1ca626c3-2bf7-405b-8ccd-5ee3a149e410,"I find Spotify quite good; however, I pay a subscription to this app and have asked on several occasions when I can expect to be able to arrange music by beats per minute (BPM). I am a dance teacher and BPM is extremely important to me. To date, this facility is still not available and it's becoming very frustrating.",3,0,0
3d33deed-7f37-4039-9b43-c62d83c8c6f2,"When I first started using Spotify I would have given it 5 stars. But for the past year the app has been randomly crashing and glitching, often turning my phone screen completely black and freezing it, which is not ideal considering I am paying for Spotify premium. Also please stop making 'smart' shuffle the default. I just want to listen to the playlists I created, not be confused as to why random music is playing, which is why I started paying for premium in the first place!",3,0,0
527e318c-a050-4dc9-9a96-1f677ac142a7,"With this app, very useful when at work, a workout, and for relaxing. Reason for the 3 stars is because I can't shuffle my Playlist even though it says ""Premium feature"" when I'm on the Premium membership already. So I can't shuffle my Playlist as I wanted it to. So sad and depressing it needs to be fixed.",3,0,0
b18e1f30-e150-4e5c-9523-c8f2e1fb5f7a,"I am premium. Offline mode barely works for loading saved podcasts, and the app itself has trouble loading in offline mode. It would be nice if I could sort by ascending and descending in the sort category, and it would be nice if you kept playing songs from the list I just searched in, instead of the single song on repeat. This app uses to be more fluid and user friendly, and had more artists/songs that weren't only mainstream. Oh and, if you move, you have to discontinue premium then re do it.",3,0,0
850acc62-11fa-4eb5-82d0-3848d2a51ba1,"Used to be very happy with my Spotify experience, but the app has clearly gone downhill since they laid off all their workers and replaced them with AI. There's so many little ways that they could greatly improve the user-experience, if they actually cared to, but they have no real competition so it's just gonna stay where it is. This year's Wrapped was so lame, low-quality, and inaccurate, that it was the nail in the coffin for me. I'm moving to Apple Music.",3,0,0
3d647ef6-eb1a-4d2e-8da6-a16ac7100f41,Spotify is really the only app I like using for music as it's easy to navigate and the smart shuffle gives me the opportunity to explore new music and bands. Though my main problems are: Once a playlist is on shuffle it only ever plays my most recently added rather than songs I added years ago. As well as the fact I've had premium a little over a year and my downloaded playlists WILL not load unless I have wifi connected or had it connected until I play the playlist I wish to listen to.,3,0,0
dc2437df-4425-4892-8915-2d9a36ad4b95,"Amazing app and my favourite to use got music, however it obviously has its flaws. For example, you have to have a premium membership for a majority of the features, even ones that should be free such as being able to read the lyrics to a song. It's ridiculous that you should have to pay so much money to be able to read the lyrics to a song. Another thing, the ""eat this playlist"" feature has been ""testing"" for years now and it's still unavailable on samsung.",3,0,0
22e16445-77a4-435c-91af-d6fa67655dc1,"Getting fed up with all the bugs when they've actually upped the price of premium. I used to stick on my liked song playlist and go through the upcoming songs and take out the ones I wasn't feeling that day. Now if I do that it doesn't delete them from the queue, in fact it adds them all back in so they're there twice. And if I'm lucky and they do delete then other songs replicate in the queue instead, and I can't delete just one version of them, it's infuriating.",3,0,0
441c278d-7ad5-449b-ba7f-0b5bdd11a7fe,"Paid subscription version does a decent job, and allows you to build or follow multiple Playlists. Recommendations algorithm is a bit better than mediocre. Does shamelessly push Spotifies's social agenda content, which you can't mark as Do Not Show or remove. Not a big deal if you are of the same bent, but this kind of juvenile re-education camp nonsense is the reason I had to get rid of fcebook and I may have to just stick to Pandora and Radio Garden.",3,0,0
60d7c1ae-88f1-42e0-a4b4-a7f604a58e80,"App used to be good, paid for premium, then prices where raised, but this was still fine. But theres never any actually useful features added the updates are useless and my homepages is permanently stuck with an artist i have set to dont allow to play as well as a podcast i accidentally clicked on for a few seconds, this is the most annoyimg thing, let us change this. Also responds extremely poorly to community feedback, just told to constantly make a post in their help site and get ignored",3,0,0
6d6577b4-7772-4ab2-a5a6-8ee7fc77cb9d,"I've decided to switch to Apple Music, as it offers high-resolution audio at a lower price point. With Spotify's recent premium price increase, Apple's service feels like the better value for me. I've really enjoyed using Spotify over the years, but for now, I'll be moving on. Thank you for the great experience and wishing you continued success.",3,0,0
6789be11-c75a-4b79-b006-e2d07c8e06af,"Had premium for years. Considering cancelling. They've already raised the price multiple times in a short timescale yet still can't sort out the app issues. I download to an SD card yet it keeps randomly changing storage to phone - takes up tons of space and makes phone run slow. I have to manually swap it back and when I do, I sometimes can't get back into the app for days or have to uninstall-install it. Which deletes all downloads etc! Absolutely ridiculous! Also, app randomly crashes!",3,0,0
20e95598-8821-4e84-8d78-78b0dfa882f0,"I really like the interface and the easy to use options, and it has a decent amount of music available for download at a reasonable price, the only (and stupidly annoying) problem is that the app constantly closes or buggs, this is not because of my phone as I have 12 gb of ram and this has happened on different devices, and this happens to everyone one I know as well, fix your app, I won't continue to pay premium services for an app that fails all the time.",3,0,0
2e33adff-2167-4e17-86b9-c57281b0738e,"It's good for general music listening and I use it daily, however podcasts and canvas are not available for me. If I switch to another account they appear but on my current account with premium membership, they aren't. I have all my playlists and downloaded songs on my current account and switching will be a slow process so this issue has to be fixed ASAP.",3,0,0
74a0ff32-c919-49dd-b5ed-3ff434f13903,"Would be a 5 star review, but seeing as I'm a paying customer, I shouldn't have to see constant pop ups for other subscriptions (Family, student subs etc) or any pop ups. Most of the time I get one when logging in, but sometimes I get more when clicking on the home screen. And the button to click on ""No, I don't want another subscription"", is usually really small. I listen to music to chill, but constant ads are making it less chill and more annoying.",3,0,0
1e57486b-c957-42a7-919c-0783c947e28f,"The music options are for the most part good but I don't really like the algorithm for the playlists. Also, since the last update the app keeps crashing. I'm pretty close to canceling my premium at this point and going with YouTube music.",3,0,0
973d77bb-7271-43e3-9933-ad2350349654,"I'm a premium user, and it has been a good experience, but lately, I've been having some serious issues with the app . I can't asses my downloaded songs or anything on Spotify, if my data is off and I click on Spotify all I'm able to see is just a blank screen no display and this is really making me think about removing my premium subscription and going for another music platform I'd really appreciate that something be done about this.",3,0,0
7a873e0a-6d5d-4c9b-a74d-c39da10cc449,"I've been using Spotify Premium for years since 2019. It has been an awesome journey so far. There are, however, constant issues regarding playlists that are already downloaded. I can not enter any other playlist (specifically downloaded) than Liked, when offline. Even when I have a 4G Connection, it simply does a loading loop, and refuses to enter selected playlist. This has been an Issue for OVER A YEAR.",3,0,0
b375d4ac-62fd-4638-9e55-9b7db24cf0a1,"i just paid my premium, i did individual plan, but I can't seem to find dj x, it's the feature that i paid money for and i want to use, my app is up to date as well. plz respond ASAP",3,0,0
ecc1ceca-6e72-4fde-baaf-52fa781e8cd1,spotify you literally giving me nothing after being a premium user,3,0,0
09329655-a7a0-4495-b621-b8b70dbaf404,"Great at first, I even have a premium account, but lately it acts like there isn't an internet connection when there is and during the time around after getting a premium account and now, it says that something is a premium feature that I can't access? Even on my computer, it'll say that something is a premium feature like I don't have one? Like I'm not paying monthly payment???",3,0,0
aab54715-267d-4573-9e44-45641c99cb94,"It's a great app. I have been using this app for almost or more than a year now and this is my first time having an issue with spotify. I had my 8 months premium account last February, I'm not sure. But yes, it's a new account. I finished downloading music into my library and also making a playlist. It was working great after all my downloads were done, I didn't have any problems with the app. But, after a few days, even if it was done downloading, I got notifications that the songs were still downloading. I checked it and saw that it was dl-ing. Though, it was okay for me since it was only two or three music. BUT TODAY IS DIFFERENT! ALL MY MUSIC IS NOT AVAILABLE OFFLINE AND I HAVE TO DOWNLOAD IT ALL AGAIN! IT IS SUCH A HASSLE! FIX IT! ASAP! THIS APP IS STARTING TO GET WORST NOT BETTER!",3,0,0
99d9b041-7a21-4eae-a4a7-e1c4fecf7009,"Still keep getting the same songs over and over. I have Spotify premium, the ads are annoying but I might as well put up with the ads I shouldn't have to pay for something when it plays the same music. Also glitches out constantly.",3,0,0
6faddb21-a6a4-4175-b805-3494a36ba31c,"it's pretty good but it totally lies about the commercials. while listening it says I have 30 minutes of commercial free listening, but then after 3:04 songs it starts the commercials. I don't think I trust it enough to pay for premium.",3,0,0
f5e79b9a-0610-4c83-ad9f-632db6356769,"The app itself it's really nice actually, easy to use and has a big variety and believe me, premium is really worth it. What bothers me is that months ago they introduced the lyrics feature, wich I haven't got for some reason, I tried updating, cleaning the app's data, deleting the app and downloading again but nothing seems to work (I have Android 9). I tried looking for an answer and it seems I'm not the only one who has this problem, hope y'all fix this soon",3,0,0
53857101-4c2a-4632-8915-65fb8edd167c,"The app is great, but I had a frustrating experience with the subscription system. It was my first time purchasing Premium, and I was satisfied at first. It showed a clear end date, so I planned to renew later. However, it renewed automatically and charged me again. I removed my payment method, but the new subscription only lasted one month instead of two, which was confusing and disappointing. I can’t even fully express how dissatisfied I am due to the character limit. :(",3,0,0
b888d6a0-2601-4b25-a4bf-ce6fd5792d41,not bad but paying subscription is not good,3,0,0
2eabef31-8143-4102-b1be-fddf45824316,"Love the app. Premium user for 5+ years but the last month or two, the app keeps crashing when trying to play podcasts. It freezes, won't load or play, and it dominates the drop down when I'm playing music, stating whatever failed podcast I last tried listen to is playing. This is also messing with my ability to control what I'm trying to listen to and is making using Spotify a real hassle lately. Hopefully it gets patched soon.",3,0,0
156617df-2353-446f-b7e8-8401e000a314,"Three stars. I have premium which is definitely worth it if you're willing to pay the money; by far my favorite music app with so many different features, but has recently been getting significantly worse. It's been crashing and not loading every single time I open it and the keep raising prices for premium?? If they don't fix the app by the end of the year I'm going to youtube music. And I hate youtube music.",3,0,0
adb2b543-c615-42bd-bbcb-d26b4e5329d3,"This is a great app ( most of the time )and I love the options as a premium user. However, about every other update there are bugs. ( For instance rn app will stop playing music and close for no reason ). Issues are usually fixed quick but still quite annoying for something I would consider to be simple. No reason to have an app for music if it stops playing the music. When it's fixed its perfect.",4,0,0
ec2b1000-2a33-4f29-964f-f8c6aceed2e6,"nice, well done app, much better than YT music. All I want is an app to listen music in the background for free rather to pay RM23.90 per month just to listen in the background",4,0,0
7abcfcde-2698-4896-892d-17be5c7673a0,"I think Spotify is a great app, premium is nice and it's really nice that it takes almost no internet at all to still play really good quality music, but I just don't think $10 a month is worth it. I find the premium subscription payment, asking a little too much and I think they'd find more people switching to premium if it was something like $5.99 or something along those lines.",4,0,1
ede46aa5-c3d6-471b-82e7-9b84731103f8,please give me back old Spotify free features,4,0,0
cd613d3f-f7ae-41ca-8a89-80b8df67e499,"I love Spotify in general, the app works really well most of the time but it's lost a star as I often find it freezes and won't open or I just get ""Spotify is trying to play"" which isn't really good enough when I pay for Premium. Usually waiting a while fixes it but it's not great when I want to go for a run or put music on to work, I have to switch to another app that's free. Other than that, it's a good app, good range of music and simple playlist creation. Works well with Shazam, too.",4,0,0
fd266cd4-f6e2-4419-b3b0-7d37e869345a,becomes the best music app bh only after paying the subscription bh overall it's quite nice.,4,1,1
a4c9ba7e-cbcd-4d08-bbcc-e15bfcf0a074,"I use the premium edition. Worth it. Downloading songs and podcasts you like playing it whenever, Great job. However, 1 thing I would recommed and would like is an option where you can move the placement of the songs or episodes in a playlist. Because say make a playlist but the episodes are not in order when i add them instead of automatically going to the next episode I have to look for the next episode. So that would be a good change if you could.",4,1,2
a9268135-1ec6-4a45-995e-9ecf73a67685,"I have always loved Spotify,I like the personal Playlist and daily mixes and I can easily find new music but for some reason now it won't stay playing music. It plays my music and Playlist but one I go into another app or into a game on my phone it stops and I have to go all the way back into the app to play my music again and it always starts back over. It didnt used to do this and it makes me so frustrated. I was planning on getting Spotify premium but if it keeps doing this I won't.",4,0,0
dc022bad-28a6-4324-a22c-160c8c3ebd7c,"Help! Loved the app, but the subscription/payment side is glitchy. I keep getting notifications that payment failed (even when there is money in the account). I then go to the ""Update payment method"" promp but i keep getting a 503 error. So I'm not trying to unsubscribe, but my subscription is not showing up on google play. Please help! I just want to unsubscribe...",4,0,0
59af4dfb-51b5-4a87-9f38-4a743425e55e,"The standard membership is very restricting, that's why I've put 4 stars. If you decide to pay for the premium subscription you gain many perks that make the listening experience much better. I absolutely love the algorithm of Spotify because I can explore so many new sounds and artists that I would never before.",4,1,2
34cb1dd0-c052-47c8-8fdd-4e561c207952,"Just amazing music listening app, but premium cost is little high",4,1,2
16c002d6-451e-4339-a691-03f83f81492f,"2023 Review: Great app when it works. Like the one playlist provided to mix it up. 2021 Rev: Awful when it doesn't. I use this to listen to music. Uninterrupted. I have a premium account and since the update in Nov 2021, Spotify cuts off when playing after 15 mins. I have to restart the app to listen to music again. Basic coding. When you do updates, don't break the basics....",4,1,2
777f9bfd-a9ac-4bcc-b3bb-9ba11635e1d7,"its good until u play roblox with it, it'll dim out your music so fast not even the 2x better sound quality can help. ( coming from premium user )",4,0,0
b1c65eb8-f3f2-4bb2-993c-a8b986cdb5ce,I love Spotify so much .. Ad is disturbing me cuz I don't use premium yetttt😭😭😞,4,1,2
7907036b-17da-4f4f-bbc9-e9b6947eb8c7,"The latest update has made Android Auto unusable if you are offline. I use offline mode extensively to prevent data usage. I pre-download my playlists. With the latest update, you cannot even view your library/playlists while offline. I'm considering cancelling my family plan if they do not correct this. The only reason I pay for this product is to be able to save on cellular data by using offline mode.",4,0,0
e5b5b873-b506-4370-b2c1-afc7ac230f0b,"""Dashboard stopped updating. Stuck on the same 6 podcasts for months now. Contact customer support and 1.5 late still no resolution. I pay for premium too"" Round two: after many updates they fixed many problems. One now is bothering me, my liked list is mixed up with songs I don't want to listen to don't understand. Otherwise I am changing my stars from 1 to 4 because they addressed my concerns I believe. But i don't like the fact that I can't un heart the song I want to.",4,0,0
c0010fac-6ece-4cab-97a2-2b484e5b3ad6,"Really love the range of music and audiobooks that Spotify provides but I have just realised there is a limit on the number of hours for an audiobook per month. And to get more hours I have to pay extra to have access to more hours? I already pay for the premium service, I could understand maybe an extra $5 AUD per month for unlimited, but an extra $15.99 AUD for an extra 10 hours per month seems a little ridiculous.",4,0,0
6d2d82f9-7f41-4fb2-99d9-e2475af31715,"I love Spotify. My only complaint is that I cannot get Smart Shuffle to work. I pay for family Premium and it should work on the app and it doesn't. I have uninstalled it and reinstalled but it still won't work. please fix this feature, it's a great thing.",4,0,0
085a2e24-8cc7-456d-9dce-87b977f39f93,"I love Spotify. I have the premium membership. -BUG REPORT 4/14/2022: The latest update seems to have a few bugs though. My ""currently playing"" no longer displays. Also it will randomly stop playing sometimes and I have to close and reopen the app. Lastly, the ""currently playing"" widget in my phone's notifications, it displays the wrong song and will show it's paused when it's playing. I'll switch to 5 stars when this bug is fixed. Thanks.",4,0,0
552853bd-9eb8-4668-b2a9-bcd4868d997e,"My family has the family plan and I am in LOVE with Spotify. I use it at least 4-6 hours a day;however, recently, I cannot go a single day without it just crashing. It crashes at least every 30 minutes, sometimes upwards of 10 times within one song. It will just crash and restart my songs, clear my queue, or just stop working. I have cleared my cash, restarted my phone, and even deleted and reinstalled the app and it is still crashing. Biggest inconvenience I've ever encountered. PLEASE FIX!",4,0,0
76d31a87-58c1-4911-8671-d3f056f20d09,"Spotify is great for everyday use. I live how I can find most songs on here. the only downside os having some songs removed or just getting the metadata for a song wrong, leading to unfortunate listens. (Note: I am paying for Spotify premium, but only because I have the student plan that drops the price by half, and don't ever like hearing 5-10 minutes of advertisements.)",4,1,2
2519d8eb-ac9c-4775-96b0-b81d6d5cde31,"I love spotify, but please, for the love of ALL THINGS HOLY, someone make them fix their shuffle feature!! 🙏🙏 It will show me 30 repeat songs, 10 songs I've never heard of, 3 songs I have blocked, and a piece of pocket lint before it ever lets me listen to all the songs I have in my playlist. It can't possibly be that hard to make a working shuffle feature, especially when said feature is mandatory for those who don't pay for premium!",4,0,0
afb43a2a-a89e-4cf6-89dc-789e873f2962,"I’m a Spotify Platinum member, but honestly it doesn’t feel worth ₹299 right now. Spotify needs to add more features, not just AI. At least include Spatial Audio and Dolby support. Lossless audio quality is good, and the music recommendations are also good — Spotify does that well. But for a premium plan like Platinum, users expect more features and better value for the money. If we’re paying ₹299, it should feel worth it. I hope Spotify brings these features in future updates.",4,0,0
773d5a2f-a31b-4740-9225-0ef8d690cfb1,Honestly enjoying the app a ton. Wish there was some kind of spatial audio built in. Adding audio books for a small price increase in my opinion is worth it. Although you guys should allow people to choose what they want and allow them to pay a lower price if they want. A lot of people don't use audiobooks. 4 stars because people who don't use the audiobooks are getting a price increase for no reason.,4,1,1
fc6119ea-8b2c-40f7-9925-63216112e2af,"Pretty simple to use with premium and has a good enough algorithm for finding similar songs you like. Only reason I'm giving it 4 stars outta 5 is because of some complications with downloading songs and often times when you're listening on another device, you'll switch to your phone and it'll be displaying a song you listened to previously along with some buffering when trying to fix that error.",4,1,1
11497e22-f38b-43d1-b164-baee43ca82d8,"good, the one star I didn't give is the annoying adverts and you recommending we have to subscribe to premium. we already paying for online streams already...if you had an offline play, we wouldn't mind the ads. we playing online...data hleeee, data.",4,0,0
45ac0e39-377b-4878-933d-93ad65f7639e,"The best of its kind originally, Spoofy offers a breathtaking amount of media. They upped their premium prices last month, the family plan is $21 a month now which isn't great, but I've been using the platform for over 10 years now and my library has accumulated. The biggest bad thing about Spotify is the algorithm. It's hot garbage, and it's probably never going to get better. The fact that you can only have 4 pins in your library is abysmal as well, and that's been an issue for 10+ yrs now.",4,0,1
4bce3849-6ac6-46c5-a317-ad24e3f48323,App works great. Good mix of podcasts and audiobooks. Love the music diversity. I didn't give 5 stars because I wish there was more diversity in paid subscriptions. It's for 2 people or a family of six 6. Wish there were more tiers. I only need 3. Currently using 2. My parents share the other account.,4,1,2
4b6424d1-6849-424f-b846-9693d425fc82,"I have used spotify premium since 2012, in in 22 different countries as I traveled. It works, but as always you will have a different library in different countries. I like the newer features. Algorithmic transparency would be helpful so that I could curate better.",4,1,2
6aeb98fb-47e3-417d-b06f-ea7cdf177a19,I love the app but I pay premium and its not the cheapest subscription and theres often bugs on the apps. like my spotify wont even let me share a playlist without closing on its own. very annoying. and I also hate that on android you can't add songs to your playlist by swiping left on the song.,4,0,0
1f217205-55eb-4fab-a4f1-7152f5f889dd,"App (with premium at least) is almost perfect, very nice to use. My issue is that the radio feature often just plays me a bunch of songs I've heard before and liked at one point or another. What I'd really like is for it to throw in some songs I've listened to before but mainly just pile new material on me. I use the radio feature to find new music after all.",4,1,1
691aa7bf-c728-4c95-8cff-d4d039c3e16b,good! but as a broke person I can't afford the premium so it's 4 cause I wish it has a 1 year premium but for free😛🤭🥸,4,1,1
e5b8cb53-8644-4c69-a9fb-00c3bebeed24,"Availability of stuff is good, but recently list of new episodes of followed podcast is being moved around making it worse and less user friendly with each change. Because of this I'm on the verge of looking for alternative apps. Also, those short ads of other podcasts that are for some reason put before some podcasts (for premium user!) are extremely annoying. Weirdly enough podcast episodes are listed from oldest to newest, I need to scroll a lot to get to the newest ones.",4,0,0
f427a6f8-9b6e-44ac-b358-7c8eb566f824,Best for music but premium is just feels costly,4,1,2
e8d0656e-2d8a-415d-bac9-aadffdd62573,"The number one pick for music. The only big flaw is that there are a lot of features that are either phone or PC only. For example, I can see my song queue on my phone, but not on my laptop, and I can turn down the Spotify volume on my PC, but not on my phone. And Spotify premium is definitely one of the only premiums that 100% is worth the money. And a system to be able to switch from Spotify song to Newgrounds or YouTube song? Idk it would be nice. Overall probably 8.5/10",4,1,2
60fe505f-8ffb-42ef-8347-eb3685bfc121,"So good and absolute. Best application for listening to your favorite songs ☺ I would've given a 5star but for the consistent popping of ""Premium version"" message. Sometimes restrictions are given just to make sure users download the premium version, which is not too cool. 😟😿",4,1,2
51e3342a-3618-4f9d-a524-b3cd55ea403b,"Prev. Edit: (Issue fixed, upgraded to 4 stars) In the last month or so, songs that I've downloaded will stop playing when my screen times out. I pay for premium and use the app while I dance so it is really inconvenient to always have the screen up - drains my battery and can lead to me accidentally changing songs while I move. Please fix. Samsung Galaxy S8.",4,1,2
ff83546f-a9b4-4093-86f0-8335f8d19b8d,"its a good app...but what I'm experiencing is an advertisement like 20 seconds ,1 minutes ,2 or 3minutes. overall it's a good app, but there are one problem I couldn't even use the student premium . there is a problem on my year ,other than that there is no problem . would you please fix it, because I really need this. thank you.",4,1,2
5733df80-3517-45d3-9be9-1b6f22285953,"I've been a premium subscriber to this service for around 5 years. Lately (over the last year, especially the last couple months) I have experienced a notable downgrade in quality of the service offered. I have experienced a number of as yet unfixed issues including stopped playback and crashes during offline play, downloaded music downloading without input (and no I haven't cleared the cache), and more recently songs that I'm listening to while exploring won't add to playlists for later play.",4,0,0
7f7b75b3-c2c8-4020-a599-7adc3cfb15b0,"I have had Spotify premium for at least 7 years now. Up until recently it has never given me a hiccup. Now Spotify will freeze up, won't change songs or it will change songs but the song displayed doesn't change. I don't whybthis has happened all of a sudden but it is a bit frustrating at times.",4,0,0
ce834271-d648-4ca1-8f35-ddd6c6a03545,"Overall probably the best music app put there (as long as you have premium). But my only problem is that when you do buy premium, you can't use a premium card to add to your time, even when you used a card in the first place. Don't know why it's like that but it is.",4,1,1
64f7c469-803e-4c7b-bd51-5d891e9777e3,"This app is so good,but there is too much advertisements,like after every song or in the middle of the song. And it's all about to buy premium,and what if i don't want to buy? What if i want to just to listen to song?If I buy premium for a month, I'll just throw money down the drain because I don't log into apps very often and it's only for a month. Can you make a little bit less advertisments, please? And thank you for this app it's good for listening and there is so much music and artists.",4,1,2
d19e06f3-08e5-4763-ae60-79ddf93add80,"I do love Spotify. I love how you can store all your favourite songs and podcasts in one app. The ads are kind of annoying, but I would definitely pay for premium.",4,1,2
37a0be3d-180a-42a8-9ceb-bdf47ace2b70,"This is now the main way I listen music now. Both on my smartphone and chromebook. Been using this non stop for a good 2 years and can't imagine life without it! Pro Tip: get a few trusted friends together and get on the 'Family Plan', this way we each pay £2.50 a month for premium. It's a no brainer. The only downside is, occasionally when the app has updated, I have to re download the playlists that I keep on my phone for offline listening in the car. Other than that - perfect.",4,1,2
9812cd26-0cbf-4e95-9bcd-d528d370a0e7,superb 👌👌👌 finds its algorithm Best among all music apps 🙌 (edit) 14 jan: Spotify gone mad.... notifying every 2 minutes you are still listening on alexa.... really annoying 🥲🤬 no other option than to """""""""""CANCEL""""""""""""" Subscription and turn to JIO SAVN instead shame on you (Edit) 17 jan: my issue has been resolved. thanks Spotify 🙌🏾 you my one of the favourite,4,0,0
ffa9a29e-dc68-40ef-a1d8-f22fb45cae30,Nevertheless i love Spotify but i can't pay for the premium,4,1,2
8aa29785-4f34-4d4d-9f24-065a21e14128,"It's the best music app out there. IF YOU GET PREMIUM. As a free app you will pull your hair out before long because of the repetitive nature of the ads. It's always the same one! And that after 2 or 3 songs! Also on mobile you are forced to play shuffle mode only. And it picks the worst songs from your favourite artists on purpose! Get it only if you are ready to pay montly for premium, only then it is absolutely worth it.",4,1,1
6bf89bd5-66de-4dcc-beaa-c7f916d7b689,"The premium version of Spotify is worth it, but it's not affordable for me, hope you give me a better deal.",4,1,2
546cb67e-4857-48a7-9b7d-20ecc1a7e4b1,"(Love it! Keep it up! Premium worth it. Original review 2017) Still using Premium. But this past few months, the app is constantly downloading and it won't show what it is downloading. Also, randomly stops playing mid song! At first I thought it was bad wifi/mobile signal and/or my ever aging phone (GS8). But no, seems to be a bug somewhere. Help please. I use the app in my car a lot and can't be poking my phone while driving!",4,0,0
c5e38c9b-5a75-4358-b846-ebb64c33cfe0,Good but why can't i subscribe to student plan anymore and I'm still a student all details are correct also your normal plans could stand to be a bit cheaper please,4,0,0
716717fe-c490-460e-a19e-c12b51c82eea,"All I can say is, it is a great app. Although it has a lot of room to grow and adapt more settings and options related to music technology. Also something should be done about payments. For example my bank card require 3D security and I had to use another card to pay for my subscription.",4,1,2
02fc2c05-dc4d-49fb-bf09-daaea0379661,"Been using the app for more than 2 years now. I love the app, yeah we have to subscribe to premium for better experience, and I don't have any trouble with the app... But there's one thing that I faced, it's that my blend story never updating the song, and it's stuck in the same song everyday!! Idk what should I do to fix it 😭",4,0,0
e52ea4eb-cad6-43ac-83c3-fb9006218ef3,i love the app ive have a premium membership i have a downloaded playlist i just wish you could jumble the tracks so they change order.. when im on ps4 using spotify becauses theres nearly a 1000 songs i have to scroll all the way to the bottom to listen to most recent downloads ..its a little bit annoying other than that the app is great,4,1,2
f301f108-ba06-4bde-8fda-2733e74e78c3,U can't pay for premium 😔,4,0,0
909828a9-3e3b-431f-8b9b-13d6e6190be6,"When dealing with ""The Joe Rogan Experience"" podcast I run into frequent freezing even though I downloaded the episode , also anywhere from 40 minutes to an hour into an episode I get an ad break and then it starts the whole thing over again from the beginning... I really enjoy your platform but I don't enjoy the constant bugs I could understand if I wasn't part of your monthly subscription package but I am, I pay money that way I don't have to deal with ads and yet here I am.",4,0,0
b3b1c7a2-f67f-4f11-9e34-cb710d8444f4,always had spotify since they est. never a dull moment always on premium price is pretty reasonable for single household. 9.99 + tax on going for years. cancelled it after cause financial crisis. got to adapt. they came back with a promp of 14$ for 2 months. sending out ratings before it comes to an end. thank you spotify.,4,1,2
f8618abf-6fce-4aa6-8bc5-507346a5c9de,premium is costly but slightly better audio quality,4,1,1
740832f4-0212-4989-9975-53ec5740317d,"5 star product, but 1 star removed due to minor technical difficulties. I have been a spotify premium user for 6 years and really love it. Honestly, I'd rather give up just about any other app than Spotify. Only issue is have is that Spotify (on Samsung devices) sometimes ""skips"" when using Bluetooth and that can be super annoying. It has been better lately but still occurs sometimes.",4,1,2
e59be952-f34a-4b51-ab06-2be7c30280fc,"i really love this app but lately I'm having issues with it, sometimes I open the app and start a song and just play 9 secs of it, change to another song and the same happens. the app start playing the songs if i let it open several minutes and I understand if you are paying premium account you must no have this kind of issues.. hope they can fix it..",4,0,0
bb8d0c51-df3f-4a79-a45a-b004962292bd,I use spotify all day every day for music and podcasts. Love all the podcasts! I'm a bit disappointed that audio books cost extra even with a premium account...and have noticed more and more ads creeping in as well. I hope the actual content creators are benefiting from this and it's not just a corporate money grab.,4,1,1
818622ec-39c6-4910-bfa2-2bd7a602bc0a,Please you guys should bring back the 1 year subscription..... I cant be subscribing monthly. Just finished a year and i want to renew and I'm seeing per month. Please i love Spotify so much.. dont make me leave,4,0,1
5e2f9375-c5c6-4dd2-b9f0-0e48b7cab53c,"Overall, it is a very nice music app. It has some issues though, apart from the bugs (sound freezing & lagging). Related artists' lists are not always legit (i.e. Aphex Twin, according to the app, is not related to AFX. LOL). Artists' profiles get mixed up with other artists that have the same name. And ridiculously, unless you are the artist, you can't report it! Spotify needs crew that will actually go through this stuff, and not just leave it to algorithms, if they want to ""talk quality"".",4,0,0
87eec36f-ded0-4a27-ae56-ef15423c0c8e,"I like the way this app has a music crossfade and smart shuffle. I hope there will be a reward discount for straight premium users, this will be a spare.",4,1,2
0e9af0f1-5d1f-4710-9c5e-859c5c512614,"Spotify is an amazing app however the premium paying for a music app is the only problem for me with this app,but otherwise it's an amazing app you should download it. They should also add the search bar so we can search our favourite songs",4,1,2
c8c584b6-512a-4e21-98a4-b1a7d04ff62c,"I've been using premium for months, probably a year. it's quite good. there's no ads playing every once after few songs played. but I'd love to have an option premium for 5 people. I have a lot of people I'm want to share premium with. not really a fan of the recent updates. it's still lacking some features & losing some of the great appearances. also don't like the sharing option for song or lyrics. it's not that variable. boring. probably y'all can update it with another interesting features.",4,0,0
ed087644-7653-4c0f-a756-8ed4928f48bc,"The message written below this is from years ago. I still love the app, but God forbid if Spotify could figure out how to actually shuffle songs when I ask it to it. it'll keep putting the same songs in the same shuffle. My absolute favorite steaming app. Been using since the program was developed. If you bleed music, this is the app you need. Die hard fan and user, even when I can't afford premium subscription, still hold stong in my steaming. Love you guys keep up the amazing work!",4,1,2
d66e7923-76ca-4b9a-b712-0682ca6fe08a,"Ok everyone here is my 2 cents. Without wordy details, it's simply the best. I absolutely love my platlists, At times I feel the folks at Spotify know me personally. The chosen songs are always spot on including heart wrenching gems, b-sides and those obscure tunes I thought nobody knew. Thank you for that. The difference between a 4 vs. 5 is the commercial break in between the song playing. What gives? Well Spotify you got me I'll be moving to a premium account come my B-day next month.",4,1,2
84c758dd-537f-4a08-8659-5775e09687b6,"I'm a Premium member and the app has been pretty fantastic up to a few weeks ago. The last update has slowed down the loading process, and suddenly all the podcasts I listen to start back at the begining of the episode I was on every time I reenter the app. It's quite frustrating when your 90 minutes into a story.",4,0,0
18e1743f-439b-4ce4-aa5b-e43ff75cee9b,"Switched over from Play and YouTube Music. Definitely like the interface, and the Offline mode works really well. Artist-recommended playlists are also a great feature. Downsides include not being able to remove tracks from the automatically generated playlists, and not being able to freely go back and forth through songs on a list. Also not super impressed with the push notifications. If there's a new album out from an artist I follow I really don't want to miss it.",4,0,0
067db721-9428-4c9b-809e-3918afbde261,"I have one issue and I want it to be fixed, I am premium user for last 2 years. But first, I love the app its the best deal out there for for any music lover. Its suggestions are getting great day by day. Now the problem, numerous times it has happened that song in my downloaded playlist disappears because you guys delete that songs for no reason. At least inform us that this song is being removed for this reason from your playlist.",4,0,0
b78a2a3a-c982-47fb-a11b-a21ca90e4b51,"less ads than YouTube music I think. recently started paying for Spotify premium. I love how unlike YouTube music which seems to play the same music as I always listen to, it is very good at introducing me to new music and artists. My only complaint is that it doesn't have very many songs with lyrics. if this is important to you I would recommend YouTube music over Spotify.",4,1,1
f68c7841-383f-483e-8453-12ea641b83bc,"my only problem is that the music stops at any time, especially if I am launching another app while listening to music even after paying for premium. But Spotify is the best music world I have ever seen. Kudos to you guys. I give you 4 stars",4,0,1
5874b086-2a3e-4103-8842-a6340b93b779,"I had had Spotify Premium for about 6 years now. It's great to access any music I want. However, occasionally I find some songs from artists are not listed. Otherwise, great access to music off-line and online. And brilliant for building playlists. Although I'd like to combine varios artist's full albums into one play list.",4,1,1
4289761b-9f1e-4c34-bbf1-87a3bc2e583a,"Kinda wish there was an app that was free but whatever, I was also little angry with spotify premium not being available where I am but they then let me pay for it so I accept the apology. For the app itself it is well organized, the recommendations are great, the only bad thing I can think of are the adds they aren't entertaining and they repeat the same one or two over and over again. Other than that it's great 👍",4,1,1
71e52e6a-81a8-4bd7-9591-0fd03ab6a873,it is the dest I've used even i don't have premium it still works good and I wood recommend it 👌,4,1,2
ebe43558-2874-42eb-a92b-f42a4ffd9902,"Just moved here from apple music and the fact that I can play my songs from my local library was a big plus, so with Spotify I've got everything audio locked in one spot. Just would like to be able to download songs as singles instead of the full album. Guess yall would work on this with the next update. The lyrics card that Was just added is another reason not to miss apple music.",4,1,2
59ccaa2d-c76d-4fe3-9da1-4a967930e98d,The price of premium must be reduced,4,0,0
58418799-15b9-4d17-ab4e-8899d8775d8d,"Best option to play my music. You deserve every penny for the premium membership. Only reason to not rate 5 stars is because it has a few flaws: * It's difficult to suggest a song from other platforms, like YouTube. * It's not possible to put a song in some sort of blacklist. * When listening to a song radio, you don't have the option to ""dislike"" a song, to remove that specific- and similar songs. * You can't re-arrange playlist to play recently added songs first. At least not in enhanced mode",4,0,0
afe62037-4308-4a4e-a975-c8b67b306bd8,"I've always loved app. The first thing I download when I get a new device is Spotify, but I do have a little complaint. I was listening to Spotify today and saw they're slowly making more things for premium users. Some people like me can get premium because they're too young to make money and they're parents won't get it for them. The songs also lag a little bit but that might be just my phone. Besides that a wonderful app 🫶",4,1,1
89386d4d-2b65-4eb3-bc4b-a9a4527b1467,I like that there are audiobooks included with a paid subscription but i wish the app would "recommend" to me more of a variety of music when i get bored with the music i have saved & look for a new "playlist" to listen ro.,4,0,1
fc20a26b-a17a-4fc7-92ab-e1019d39685c,"Spotify is an excellent music platform. To enjoy it better, get a premium plan.",5,1,2
bacb982e-827f-4aaf-aabc-c7e76bc64ebc,"Always been great, 99% of all the music I want to listen to has been published on Spotify and the music quality is the best. I would like a marketplace added to it though. Like a place where artists can offer their music for purchase and then customers could download and not only stream it. Oh and I'm using Spotify Premium because it's totally worth it. Extreme quality for my Bose headphones is great.",5,1,2
4f233633-5dac-4af7-8f12-22aa42351ebc,"excellent, it has basic account security (2fa), family plan, in app purchase(google play subscription), those features are not found in Netflix, Netflix please learn from Spotify",5,1,2
21aaada0-bdd4-49bb-a20e-6fa1279be358,spotify is my main music spot that and YouTube for the music vids but spotify is great I can use it almost anywhere anytime been using it for years and I don't mind the ads but I do buy premium sometimes,5,1,2
56fd6d87-d3d0-4e04-b0f1-3018fe3e898c,"I suggested to my friends and family Spotify for listening music because It's so very easy to use and the qualities of the songs are very nice, and I recommend to go in the premium to download all the songs they want to listen while offline",5,1,2
9338e873-7d74-4489-ae2a-fa699ad12062,I didnt get my Spotify premium after subscribing. I subscribed to the 6.99 welcome back plan but I didnt get it. other than that this app is good,5,0,0
b64bda29-4efa-4e34-ac2b-f7ddbc76a7b2,"so the app is pretty good yes it has advertising but it can be 1,2,3 adds the app is worth it yes it has a subscription but it dosent stop you from using the app the subscription is only for no adds and some other things it's 10/10",5,1,2
fa31d2df-4c7d-4ec5-b457-6a02793650e1,you get to have premium for 3 months just by creating a new Spotify account,5,1,1
29e6b317-a0c1-443f-b7af-269ac96b8dd4,"Great music experience. Such a great selection of music. They create mixes based on your recent song picks so you can maybe find new artists to listen to. If you say there is no selection I liked only 5 songs and had 10 different mixes and in a month I had over 50 song in my library. Now I've had it for about a year and I have over 200 liked song and I'm obsessed with it. In my opinion, it's the best music app. Also I recommend you buy the premium. It is so worth it!",5,1,2
ffaa3b57-336b-45a4-90a1-7adc942bb72f,Spotify premium is great even for its price better than using YouTube that takes a lot of data,5,1,2
029049bd-9251-4d1c-89c0-f8f4f09516b6,"Sometimes feels a little overloading on the visuals with its layout, but overall love it. I listen to music all the time and as a premium user its mostly worth it if you listen to music A LOT like me c:",5,1,2
d294f4a2-19c2-42fe-92d3-c04fd256266c,"so nice and good. but as a indigent individual person, my budget is for student subscription. di ko afford ang premium monthly bilang isa na ako Gen X.",5,1,1
ff1f9d1d-e3b0-47a2-9806-b129fad7070a,This is hands down my favorite music application ever. It has too many features to list but I love being able to build playlist and listen to them in any order and that your can make your own custom soundtracks and listen to them offline with premium and add 5 people to your premium. It is worth it.,5,1,2
5ab49d85-10e6-4db9-8d6a-9be00145bbac,"Fannnnntastic and worth it, the only downfall would be that you cant listen to your saved music or playlist offline unless you download it.. Which you would think there would be a feature where you could, if you paid a monthly subscription. Downloading waste so much data and money. Other than that, you cease to amaze Spotify.",5,0,1
2296b09a-88bb-48a2-b137-e2fa89a5261f,spotify really did change my life. so many songs i wouldn't ever get to listen to if i haven't used Spotify. its convenient and its all you need when it comes to listening to music and make sure to get the most out of this app with the premium accounts. cheers!,5,1,2
55950390-73fc-4891-abb4-a5cc80362dab,"Love the family premium plan, I can listen all night at work and not worry about getting booted off ...plus you can download your favorite tracks to listen to if you're offline...I work in a refrigerated warehouse and lose reception often so I really like that feature!",5,1,2
b906118c-4a2e-4c7b-978f-c628c20e919b,I love Spotify. I have been subscribed for a number of years now and the only thing I think would be neat is a "screen saver" type screen or a "time out" screen option...quite like the "video" option. btw...I love the new video option. It's unfortunate that every song doesn't have this option 😕,5,1,2
fc7e6c53-583d-4126-91b3-e4e3698ce5cc,The app has its few glitches here and there. Especially when using android auto but it functions well overall. I am currently on the 3 month trial but will permanently switch from YouTube music this month. Spotify premium has a larger selection of music than YouTube music premium and a better algorithm for radio/random music.,5,1,2
082e81ca-10af-4c4e-9b78-d82efb2f0c67,"I would give this app five stars because it's really easy to allocate songs, well for me at least. I currently have spotify premium and I think it's really worth it to get the family premium deal. The only thing I would hope to change is being able to see who follows your playlist and being able to edit thd details of the playlist on a tablet and phone as well.",5,1,2
9ecc4257-3a77-4c47-820d-b01aa7e08e1f,10 plus years using premium. hands down best music streaming sefvi,5,1,2
f24d2309-fb0f-49db-aeab-ffcb96c87049,this is the best app for streaming all my favorite songs and the best thing is that it's premium plans are very affordable.keep up with the best services 🥰❤️❤️,5,1,2
6275bd52-42a0-40f1-8d5d-559dbe633e5e,"Been using Spotify for years, recently upgraded with my partner to the family plan because we use so many devices, 1 or 2 accounts don't work with 3+ devices. Although I listen to alot of underground music, some I cannot find on Spotify & it's only reasonable, so I'll go to a wider platform like YouTube for those underground tracks. I love Spotify, for all my music, for all my podcasts because I listen to tons of podcasts a week. I'm streaming Spotify probably 15 hours a day out of the 24. 🤘🏽",5,1,2
267c1646-47c7-4304-b313-2e4c06ef7a8e,"I've been using it since 2019. It's great, honestly. I would suggest the family premium plan, though, because it is cheaper between 4 people",5,1,2
1138112e-6a36-442a-a3d5-90c63108eecd,"I'll start out blunt. I do not believe in paying for apps. But this one is amazing and I think there's only 2 songs I've never been able to locate. Very easy to navigate and doesn't use much of your data for a streaming service. Grease t quality and able to share playlist, follow others, and allow people access to your own as well as make them private. Open up a family plan if you want to save in money bc the second eprosn gets to pay less or you can split it more evenly",5,1,2
2a69b737-6354-444d-83d6-48b97eca5740,this app has been treating me very well like just the only thing is why pay for premium ween you should just be able to listen to music for ever ween ever you want to but yet I can be mad because this app wants money so any ways it's a great app,5,1,1
2764608f-89ed-4c7d-a7d0-b86758ef0c5c,I've had the issue of my music stopping for no reason before. I then uninstalled and reinstalled. It worked for awhile. Now I'm dealing with the problem again. Everytime I delete the app and re install I have to download my offline music again. I'm not going to keep doing that. If the problem isnt fixed soon I'm cancelling my subscription. Which would really suck because I really enjoy this app but the music stopping is beyond annoying.,5,0,0
a5d7840f-f126-4305-9210-7835a0470fdb,"Earlier I faced many issues while riding long distances because I listened to songs on YouTube. The phone in my pocket used to touch the screen, songs changed or paused, and calls stopped YouTube completely. After switching to Spotify, all these problems disappeared. It plays smoothly, resumes after calls, and has far fewer ads. Spotify has made my rides simple, smooth and hassle-free. It gives me a steady music experience even on long rides, without interruptions or unwanted touches.",5,1,2
82cfb608-70b5-4ecc-8199-a85859a42646,peak asf but use premium so that u will enjoy the app ads are f-ing plenty,5,1,2
321fd423-0749-4b50-97df-958d0a3da636,it's so cool! I like the fact that they gave me Spotify premium for 3 months tehehhe,5,1,2
d9e38b3b-28e3-4acc-8363-ea97c0683c5b,"This is the Ultimate Music App . There are so many cool features, many I have yet to discover. My favorite ones so far are the setting up my own library of songs by artist or groups. The lyrics to the songs scrolling as they play and setting up a jam session where you can invite friends to listen in on what your playing. so much more that I haven't used yet, but I will. Worth every penny of the subscription fee. JoeJr 🌟",5,1,2
fc91cb6c-fe2b-4b76-9ae1-53175e538cc4,"I have subscribed to the individual plan of this app. The sound quality is excellent, and it offers a lot of features. However, I feel that the individual plan is a bit expensive—it could be slightly more affordable.I think lossless feature should be provided in individual plans also. Even individual plans have become very expensive now. Spotify should make these plans a little cheaper in India.",5,0,1
4a19a453-d668-4630-8caa-0460014d2ed0,"To be honest this app is extremely good. You can play pretty much all the music you want. But there is a problem, Spotify states that you can play free music, now that was true but for every person who plays spotify on there phone will know this, you have to pay 9.99 pounds a month to play the full song! But If you do pay 9.99 pounds a month which is called ""premium"" there are some perks. You can play music offline and have unlimited skips. This app is 160% worth it.",5,1,2
acd1ced9-8bee-42a7-af0d-0a27b9c7529b,Edited update: Recently upgraded ro a premium account and can still say that it is the best music player/streaming app. Mainly used as a music controller for my ps4 but also being able to download playlists is good as it means I can put music on at work in the morning before we open or when I'm on the go without ads and it won't eat at my mobile data.,5,1,2
b172df55-b04a-47f6-a156-c984b2a49131,"I love the app. I've had premium for like 5 years now and I've never had problems with it, it's really well built. I just wish, just one thing, that you are able to queue recently played songs(in search tab). Same like the options when you regularly search up a song. Like hold down the song the recently played song that you want to queue and it will give up the options. That's just one thing I would really like.",5,1,2
02644958-c86f-4bb4-895f-0b4d380e580d,"if i be blunt, it's better then apple, understand your music any algorithm exists and premium is worth it, ui/ux is amazing, apple have good ui but bad ux if you are not apple user",5,1,2
a53a4357-79dc-451b-8de1-4ffeee26d113,"I find peace with the gospel automix,you can enjoy this too with premium account",5,1,2
86b458e4-e2ae-4182-a921-e837acb57b62,"Absolutely amazing app. Almost every song from every genre, excellent audio quality, podcasts and beautiful UI to say the least. It is an amazing app with so many features and functions. I highly suggest paying for the premium version, it's affordable and gives you access to all the amazing features. 5/5 from me🙌🏾",5,1,2
f3049548-2523-4957-baf3-1fef9b5e3639,I love this app so much! so easy to use and even if you don't have premium it's not that bad!,5,1,2
081caee9-35fa-4b7e-9391-3389019976c9,"This has been my go to music app since 2019, it has great playlist making features. One of my favorite features is the ability to pick any song or playlist you make and go to it's radio, this makes a list of songs in the queue that are similar, it makes finding new songs or artists super easy. With that said, this app is basically garbage if you don't have premium. if you want to listen to music for free with ads go to yt. If you can afford it get premium, it's worth it for the premium features",5,1,2
d1346d5f-1e3e-46f2-a964-8e2faa1ee961,"For about a month or so now, I get through about 5 songs in a row and the app just stops responding at the end of the 5th track. I have to do a 'Force Stop' to get going again. I am jot alone, looking at comments across the Internet. Not good enough. I pay for Premium, so get this sorted.",5,0,0
5a42b614-d2db-48e2-a33e-1092940da575,"Always been a huge fan, from searching by artist to their generated stations, plus Spotify Connect and voice commands! I don't always use it enough to warrant the subscription costs all year round, but when it goes on sale I generally get it for the 3 months. I suggest Spotify to all my smart home customers because it's the easiest and most robust to integrate. They just need licensed corporate account option so I can get it into business too.",5,1,2
40609827-ef24-45bf-bb76-180924dca59a,I've been using spotify since it first came out. It's the only app I will use. I wanna listen to a radio playlist based off my music taste and bam I can no Pandora bs throwing music in that doesn't fit the genre I'm listening to. On top of that most new music that comes out I can already find on here. I honestly don't write reviews or rate apps so for me to do this tells you reader I love this app and yes it's worth paying for.,5,1,2
c469dcec-89a7-4550-ade6-e60928624ae4,pretty good would like if they lowered the premium price a bit,5,1,2
c0d08db7-feeb-4618-b1d6-e9b71f9477d6,"My husband and I have had Spotify Premium for years now, 5 or 6 years, I believe. And we both love it. Definitely worth every penny!! Love how the app makes mixes for you and love how easy it is to find Artists', Albums and Songs! Best music app we have tried and we will always have it, as long as they are an app!",5,1,2
ff82cf21-ce3b-4ec9-83f3-dbeca9143982,I have premium which I don't have to pay for due to it being included in my phone plan and if you can afford premium I would highly recommended getting it because it is very good. The one negative I have found is that if you are down loading large quantities of music in the highest quality then it will take up a lot of storage on your device for me it is around 60gb.,5,1,1
b32728e5-be30-4a7b-b52b-e5ab5e77bb6b,"Spotify is one of my favorite music app, I have been using it for a long time now and I'm really enjoying what they are doing in the app, mostly as a premium user I really love the app so much, the only thing is that they should reduce the price for the premium is getting a bit more expensive",5,1,2
9e8b3b9d-d41a-4d48-aa89-b1412231b3a2,"I've had Spotify since 2012 and have loved it since. Only trouble I've been having for the past couple of weeks is whenever I search for new music or artist it tells me ""no search results while off line"" when I clearly have internet connection even when I go to discover or browse it allows me to play music that I don't have downloaded which means it streams online. Then I go to use my other Social media apps (Instagram, Snapchat, Facebook etc.) They all work perfectly fine no trouble loading because of being ""off line"" then I go back to Spotify to search and as I start typing it tells me again I'm ""off line"". Like come on I listen to Spotify on a daily at least 4hrs a day and it's really annoying to not be able to search music I want to listen to because idk why??? Ps I am a Premium user. Please help me, is anyone else going through This?",5,0,0
42253864-9d69-45aa-bc12-d7225e2e6415,LOVE IT!! 😍😍 it's so good you get to add your favourite music and listen it a million times thought you have to pay for premium it's still good I didn't pay premium even thought there is ads I still love it. this app also shows lyrics but you have to pay premium. there is also family premium so you can add you friends or family members.there is also student and 1 month premium for probably $6.,5,1,2
f771deac-9034-46c2-9250-3cdcfce77fff,"I have Spotify Premium, super convenient for finding and playing music. The Liked Songs playlist is nice; I can flip through it if I don't know what I want to listen to. Overall, I think it's worth the cost foe Premium, but it was still my favorite missing app before I upgraded.",5,1,2
ad4373f4-2a32-4b5f-8182-cfb294356304,"I have had spotify since I got a smart phone. Absolutely an amazing app, suggests music that you'd listen to and discover channel is always on point. Their new family plan is also a great deal. They had me hooked at .99 cents for 3 months, then 10 bucks every month. This is way better than searching through downloads or spending but loads on apple music.",5,1,2
2608bfd3-a980-4b38-b5e4-96dc3d64dacd,"Someone recommended me this years ago and I've had it since. This is a great music app. The only issue for some people might be is that they don't wanna pay for no ads, playing any song chosen from a playlist instead of hitting shuffle, and downloading music so data isn't used for it either. Other than that, if you don't mind all of that then this is for you. Or if you're okay with paying for premium, there are options for a family plan, a single person plan, and a student in college plan.",5,1,2
a6135994-8236-42e3-9847-58ac6541276a,i love it especially when i have a premium which is a bit pricey and i still couldn't use my student discount but still buying premium is worth it especially when you love music,5,1,2
e81af4b6-487f-475f-8796-915e615ce6e4,"This is a GREAT music app! Especially when you are on a walk or jog because it takes close to NONE of your data (I use DAILEY and it doesn't take even a gig. per month!) It has so many songs, and you can upgrade to premium and even get HULU! Amazing deals for amazing prices. Filled with the songs and artists you love! ❤🌹🤘",5,1,2
6078c093-b6be-4bb3-943c-098381586291,"Spotify has become part of my daily routine, especially during workouts. DJ X always surprises me with tracks that match my energy — I’ve discovered so many bangers I wouldn’t have found on my own. The recommendations feel personal, the transitions are getting better, and the sound quality is perfect with earphones. The app runs smoothly and Premium has been worth it so far. Excited to see DJ X evolve even more and get even smarter with mixes. Highly recommend Spotify.",5,1,2
b925d963-273a-4a2c-ab88-c9c3b655ec82,"Best music app ever, is easy to use and has a decent amount of ads when not paying for premium.",5,1,2
3b69bacd-32ae-4faa-b918-c1a6a651425a,exceptional this is the best music app on the planet and I just signed up for premium version omg Spotify rules!!!!!!!,5,1,2
16e319bb-8dd2-407d-9a09-0498c3f05167,"A much better experience. UI is much better at organizing your favorite content and choosing how you'd like to see it. Has audiobooks with premium now, which is really helpful if you don't use audible. Podcasts has grown significantly and has some genuinely good content now. Would love a section for spacial audio/Spatial music or Master quality audio. Edit-3/11/2026 : FLAC Lossless Audio is an option now and is incredible in HiFi systems!",5,1,2
252555d3-f495-48d1-9844-a9c8ab76243c,Finally a place where I can find almost all the songs I like. Easy to use & organize. Please bring the heart (like button) in the mobile app. The yearly premium version is preferable. edit 2026. still the best,5,1,2
a821be03-8b1f-4b6c-ab63-6b5ea94e29d6,"I love subscribing Spotify, I enjoy the music I like, you can choose your own Playlist",5,1,2
73bd86ab-9e88-48a1-a81c-a4f9fa6091d9,"Been rocking with them since before the premium started, then after I was a little upset then my playlists overtime gotten much much better, being inside music like I am, the Platform has gotten better over 5 years,💯 ps I wish they would give me premium 4-life - Baby H3N™",5,1,2
db5ab5b6-975d-4df6-a125-16f3500d3202,"Best one,, but always room to improve. I'm finally getting premium, an yes I like this app more an more everyday I use it, keep up the great work, Thank you Spotify. I rather listen to music than anything.....",5,1,2
bda7be29-c03f-4d8b-8a5c-f62995f68966,"This app is literally the BEST!!! You can search, but you won't find anythng better than this totally amazing music app!! Spotify has everything, and is really easy to use. I reccommend subscribing to them if you use them. If you want to download something, either subscribe, or, if you can't do that, switch to Trebel. Spotify is WAY better than Trebel though. :) If you want a music playing app, look no further!!",5,1,2
70985db7-3290-4a2e-8d76-d73285161bd7,"This app is really good, I can find every song I want and it works great in any device. I can keep up to date with new releases and new music from around the world. What I love the most is that the app learns from your music taste and gives you recommendations, which are always great, it is incredible! Also premium is totally worth it for all the features it gives you and because it is relatively cheap! Love it!",5,1,2
86224989-5957-4015-9a19-3df0bfb79f01,"Long time premium user and I honestly don't have the issues such as slowness that others mention, so I can't really comment. Its functional for me and does what I ask and always has, including quality improvements. The one thing that could perhaps be better is the shuffle feature. It still needs more randomisation to stop recent replays. I'd like it to be truly random if possible. If the other comments are true about processing etc; please don't do a Sonos and mess it up.",5,1,1
49a3e90c-c383-4271-abaa-6bf58db4ace7,"I love listening to music and podcasts on this app. I have paid for premium, so there are no ads, except for on podcasts, which are skippable.",5,1,2
e6da7550-ff8b-4005-a1ea-d3184d7880f5,"being a premium user, i have the privilege to listen to high quality music with my sony xm6 headphones. highly recommend premium subscription.",5,1,2
d01fc87b-c331-485f-bc48-32c96787e6d0,"I got rid Sirius xm today because of a bait and promo to reactivate my account. Spotify Premium rocks!! I'm in it for the music, not so big on pod casts. I love the fact that you can listen to someone else's Playlist and people put together some pretty cool lists. You can also download over 3000 songs for offline listening. Great for when im at work. Lovin it. Premium is worth it and you get the first 3 months free. Truck has bluetooth, so I'm good.",5,1,2
11bcd362-2521-486b-9f93-30f9b585183b,"LG Stylo 6 Review: I'm going to keep the review at 5 stars. Unless the problem persits. The app has been perfect since I downloaded it. But as of 04-12-21, the app isn't letting me play music. I've reinstalled it and cleared the cache, but it hasn't worked. I've beem paying for Spotify Premium, so that's not the problem either. I downloaded Stations, but it's not the same. Here's hoping I get a response. Update: Still not working. Update: Working perfectly now. Thank you!",5,1,1
4c013241-b766-4849-8341-058dd609bdcd,"Relax, build your library and enjoy the entertaining ads; or don't and pay to have it your way ... it's that easy. PS WANT TO DOMINATE? Partner up with Netflix and Paramount as well and I'll pay 50 bucks for a family plan of 4.",5,1,1
cb765fa7-cc6f-42d3-9942-04c98c1f6201,it's good but it's scamed me I get premium membership i the your spotify is saying I don't have premium membership ?j,5,0,0
7866b6f8-1f29-4985-9849-df0ac9b16424,I had given spotify a 5 star review but recently I've noticed (after years of using spotify premium) that I am unable to search for my own playlists! What gives spotify? Why would you remove this feature? Currently using a Samsung Galaxy s8. updated to 5 stars after fix.,5,1,2
b3438d40-1920-4309-9e91-78f3c4810f72,"great app and platform. apart from a good database of music, the interface is great and intuitive. Family plan is great too!",5,1,2
8e4eaacc-58f1-4bec-b2ec-e45e8f7aef2d,Premium membership is worth every penny,5,1,2
183303ea-4087-48a8-8626-826663f5ec8b,"Will possibly upgrade soon. I love it! I did. Sounds better immediately. Eight years of absolute delight, now with Lossless on Premium!",5,1,2
8650127c-9054-4b58-88a6-ab1cf068a990,"Great music Definitely recommend. Love the Spotify Wrapped at the end of the year. I don't like the new plus button I prefer the heart and separately add it to my playlist. Also please make the explicit filter so that everyone on a premium plan can manage their own account in full, the plan manager shouldn't have control over everyone's account. Spotify stop taking features people like away for no reason. Spotify is getting new features that I love please don't jack our prices up.",5,0,1
5c0ef80d-a4c4-44b6-810c-8e1acd3de6bc,Nice but girl I just cancelled my premium and it said I'm gonna have ads every 15 minutes.. BUT IT'S EVERY SONG I KEEP GETTING ADS EVERY SONG.. that sucks actually I have to pay again....,5,0,0
e4f66b77-df7c-428c-80ac-ef9c85621ed4,it is a good music app but the ads (l am not premium user)but l love it!,5,1,2
4fa9136c-cd9a-4904-a180-f0365bcab722,"I always had problems tidying my music such as I liked so many songs (all of them really mixed), I liked only some specifics songs by a singer but not all his/her playlist, I didn't want to mix all my songs when there were differenr categories... And now, thanks to Spotify, I can do it as I wish. In addition, I can pay artist for th great job they do and not do all of this alone with myself but with all my family due to Family Premium Account. That is the perfect app for lovers of music!!",5,1,2
7eec67da-6981-481c-8551-e8375457946e,"This app is brilliant, but it's only decent when you pay for premium. The sound quality is at the standards, no advertisements, and you can download 100+ songs within seconds ready to be played while in a long car journey, or no Internet is general. Don't get me wrong, even though you don't have premium, this app is still the best one going, accept that you will need to suffer from long advertisements, and have no accessibility to music when offline. This app is worth every penny, and no regrets",5,1,2
def39db2-ef33-4e85-a047-b27bb45e4e41,"The best media player I've ever experienced in my life!!! Superb platform, very user friendly, and comfortable to use. The algorithm that Spotify uses is super unique and unreal, esp. it allows you to create your own playlists and when you listen to certain genres of songs, it automatically recommends you other songs that are in the same genre that could be your type of music (I had found songs that I never knew even existed and Spotify found them for me). All is in premium account only for 5$.",5,1,2
